market_debt_x_tvl,lltv,bonus,bad_bps_yr_mean_deploy4,TSLA_bps_yr,NVDA_bps_yr,AAPL_bps_yr,SPY_bps_yr
0.25,0.86,0.01,2.2924,7.2618,1.9078,0,0
0.25,0.86,0.02,3.6457,8.3348,5.4121,0.83577,0
0.25,0.86,0.03,5.5822,11.049,9.3907,1.8892,0
0.25,0.86,0.044,8.7884,16.512,15.028,3.328,0.28611
0.25,0.86,0.055,12.448,22.638,21.098,4.6425,1.4156
0.25,0.86,0.08,24.829,40.44,41.694,12.888,4.2923
0.25,0.93,0.01,37.302,66.051,59.772,16.557,6.8285
0.25,0.93,0.02,43.459,70.947,70.486,22.816,9.5855
0.25,0.93,0.03,54.322,86.4,87.59,30.768,12.531
0.25,0.93,0.044,81.397,135.91,125.3,46.042,18.335
0.25,0.93,0.055,119.75,202.92,177.69,71.428,26.988
0.25,0.93,0.08,499.11,665.45,604.35,435.92,290.71
1,0.86,0.01,6.3491,17.25,8.1462,0,0
1,0.86,0.02,6.8149,18.085,8.3706,0.80363,0
1,0.86,0.03,7.9285,19.143,10.702,1.8686,0
1,0.86,0.044,10.35,22.072,15.654,3.3141,0.36112
1,0.86,0.055,13.57,26.72,21.667,4.4196,1.473
1,0.86,0.08,25.747,44.004,42.122,12.516,4.3472
1,0.93,0.01,46.6,94.353,70.744,13.856,7.4484
1,0.93,0.02,53.024,100.57,80.687,20.626,10.216
1,0.93,0.03,62.356,113.38,93.531,29.523,12.993
1,0.93,0.044,86.747,153.95,131.26,43.549,18.233
1,0.93,0.055,124.06,218.8,181.36,69.188,26.87
1,0.93,0.08,508.42,689.84,614.35,436.72,292.75
