asset,tvl_usd,concentration,quote_reserve_y,lltv,window_seized_per_debt_p99,window_seized_per_debt_p999,max_single_liquidation_usd_slip1pct,max_market_debt_usd_slip1pct_p99,max_market_debt_usd_slip1pct_p999,max_single_liquidation_usd_slip3pct,max_market_debt_usd_slip3pct_p99,max_market_debt_usd_slip3pct_p999,max_single_liquidation_usd_slip5pct,max_market_debt_usd_slip5pct_p99,max_market_debt_usd_slip5pct_p999
TSLA,1590404,1,795202,0.77,0.286357,0.41356,8032.34,28050.1,19422.4,24593.9,85885.3,59468.7,41852.7,146156,101201
TSLA,1590404,1,795202,0.86,0.284992,0.406958,8032.34,28184.4,19737.5,24593.9,86296.6,60433.4,41852.7,146856,102843
TSLA,1590404,1,795202,0.93,0.275198,0.389818,8032.34,29187.5,20605.4,24593.9,89367.9,63090.7,41852.7,152082,107365
TSLA,1590404,5,3.97601e+06,0.77,0.286357,0.41356,40161.7,140250,97112.2,122969,429427,297344,209264,730779,506006
TSLA,1590404,5,3.97601e+06,0.86,0.284992,0.406958,40161.7,140922,98687.5,122969,431483,302167,209264,734278,514214
TSLA,1590404,5,3.97601e+06,0.93,0.275198,0.389818,40161.7,145937,103027,122969,446839,315454,209264,760411,536825
TSLA,1590404,15,1.1928e+07,0.77,0.286357,0.41356,120485,420751,291337,368908,1.28828e+06,892031,627791,2.19234e+06,1.51802e+06
TSLA,1590404,15,1.1928e+07,0.86,0.284992,0.406958,120485,422766,296063,368908,1.29445e+06,906501,627791,2.20283e+06,1.54264e+06
TSLA,1590404,15,1.1928e+07,0.93,0.275198,0.389818,120485,437812,309081,368908,1.34052e+06,946361,627791,2.28123e+06,1.61047e+06
NVDA,4816341,1,2.40817e+06,0.77,0.214014,0.371762,24325,113660,65431.5,74479.5,348012,200342,126746,592231,340933
NVDA,4816341,1,2.40817e+06,0.86,0.212598,0.368588,24325,114418,65994.9,74479.5,350331,202067,126746,596177,343868
NVDA,4816341,1,2.40817e+06,0.93,0.209132,0.355341,24325,116314,68455.3,74479.5,356136,209600,126746,606056,356688
NVDA,4816341,5,1.20409e+07,0.77,0.214014,0.371762,121625,568302,327158,372398,1.74006e+06,1.00171e+06,633729,2.96115e+06,1.70466e+06
NVDA,4816341,5,1.20409e+07,0.86,0.212598,0.368588,121625,572089,329975,372398,1.75165e+06,1.01033e+06,633729,2.98088e+06,1.71934e+06
NVDA,4816341,5,1.20409e+07,0.93,0.209132,0.355341,121625,581569,342276,372398,1.78068e+06,1.048e+06,633729,3.03028e+06,1.78344e+06
NVDA,4816341,15,3.61226e+07,0.77,0.214014,0.371762,364874,1.70491e+06,981473,1.11719e+06,5.22018e+06,3.00513e+06,1.90119e+06,8.88346e+06,5.11399e+06
NVDA,4816341,15,3.61226e+07,0.86,0.212598,0.368588,364874,1.71627e+06,989924,1.11719e+06,5.25496e+06,3.031e+06,1.90119e+06,8.94265e+06,5.15802e+06
NVDA,4816341,15,3.61226e+07,0.93,0.209132,0.355341,364874,1.74471e+06,1.02683e+06,1.11719e+06,5.34204e+06,3.144e+06,1.90119e+06,9.09084e+06,5.35032e+06
AAPL,1707385,1,853692,0.77,0.195929,0.242951,8623.16,44011.7,35493.3,26402.9,134758,108675,44931.2,229324,184939
AAPL,1707385,1,853692,0.86,0.195929,0.240828,8623.16,44011.7,35806.4,26402.9,134758,109634,44931.2,229324,186570
AAPL,1707385,1,853692,0.93,0.19181,0.232572,8623.16,44956.8,37077.3,26402.9,137651,113525,44931.2,234249,193192
AAPL,1707385,5,4.26846e+06,0.77,0.195929,0.242951,43115.8,220059,177467,132014,673788,543377,224656,1.14662e+06,924695
AAPL,1707385,5,4.26846e+06,0.86,0.195929,0.240828,43115.8,220059,179032,132014,673788,548169,224656,1.14662e+06,932850
AAPL,1707385,5,4.26846e+06,0.93,0.19181,0.232572,43115.8,224784,185387,132014,688256,567627,224656,1.17124e+06,965961
AAPL,1707385,15,1.28054e+07,0.77,0.195929,0.242951,129347,660176,532400,396043,2.02136e+06,1.63013e+06,673968,3.43986e+06,2.77408e+06
AAPL,1707385,15,1.28054e+07,0.86,0.195929,0.240828,129347,660176,537095,396043,2.02136e+06,1.64451e+06,673968,3.43986e+06,2.79855e+06
AAPL,1707385,15,1.28054e+07,0.93,0.19181,0.232572,129347,674352,556160,396043,2.06477e+06,1.70288e+06,673968,3.51373e+06,2.89788e+06
SPY,7683079,1,3.84154e+06,0.77,0.100476,0.242951,38803.4,386195,159717,118810,1.18247e+06,489030,202186,2.01228e+06,832209
SPY,7683079,1,3.84154e+06,0.86,0.100476,0.242273,38803.4,386195,160164,118810,1.18247e+06,490400,202186,2.01228e+06,834540
SPY,7683079,1,3.84154e+06,0.93,0.100476,0.233384,38803.4,386195,166264,118810,1.18247e+06,509077,202186,2.01228e+06,866324
SPY,7683079,5,1.92077e+07,0.77,0.100476,0.242951,194017,1.93098e+06,798584,594052,5.91237e+06,2.44515e+06,1.01093e+06,1.00614e+07,4.16104e+06
SPY,7683079,5,1.92077e+07,0.86,0.100476,0.242273,194017,1.93098e+06,800821,594052,5.91237e+06,2.452e+06,1.01093e+06,1.00614e+07,4.1727e+06
SPY,7683079,5,1.92077e+07,0.93,0.100476,0.233384,194017,1.93098e+06,831321,594052,5.91237e+06,2.54539e+06,1.01093e+06,1.00614e+07,4.33162e+06
SPY,7683079,15,5.76231e+07,0.77,0.100476,0.242951,582051,5.79293e+06,2.39575e+06,1.78216e+06,1.77371e+07,7.33545e+06,3.03279e+06,3.01842e+07,1.24831e+07
SPY,7683079,15,5.76231e+07,0.86,0.100476,0.242273,582051,5.79293e+06,2.40246e+06,1.78216e+06,1.77371e+07,7.356e+06,3.03279e+06,3.01842e+07,1.25181e+07
SPY,7683079,15,5.76231e+07,0.93,0.100476,0.233384,582051,5.79293e+06,2.49396e+06,1.78216e+06,1.77371e+07,7.63616e+06,3.03279e+06,3.01842e+07,1.29949e+07
