group,lltv,bonus,slippage,liquidator_margin_positive,effective_discount_pct,flat_bps_yr,stress_bps_yr,flat_p999_window_loss_pct,flat_worst_window_loss_pct,windows_with_bad_debt_flat
UNIVERSE12,0.77,0.01,0,True,1,0,0,0,0,0
UNIVERSE12,0.77,0.01,0.01,False,2.0202,0,0,0,0,0
UNIVERSE12,0.77,0.01,0.03,False,4.1237,0,0,0,0,0
UNIVERSE12,0.77,0.01,0.05,False,6.3158,0,0,0,0,0
UNIVERSE12,0.77,0.02,0,True,2,0,0,0,0,0
UNIVERSE12,0.77,0.02,0.01,True,3.0303,0,0,0,0,0
UNIVERSE12,0.77,0.02,0.03,False,5.1546,0,0,0,0,0
UNIVERSE12,0.77,0.02,0.05,False,7.3684,0.07466,0.07466,0,0.078297,1
UNIVERSE12,0.77,0.03,0,True,3,0,0,0,0,0
UNIVERSE12,0.77,0.03,0.01,True,4.0404,0,0,0,0,0
UNIVERSE12,0.77,0.03,0.03,False,6.1856,0,0,0,0,0
UNIVERSE12,0.77,0.03,0.05,False,8.4211,0.16211,0.16211,0,0.17,1
UNIVERSE12,0.77,0.044,0,True,4.4,0,0,0,0,0
UNIVERSE12,0.77,0.044,0.01,True,5.4545,0,0,0,0,0
UNIVERSE12,0.77,0.044,0.03,True,7.6289,0.096456,0.096456,0,0.10115,1
UNIVERSE12,0.77,0.044,0.05,False,9.8947,0.28171,0.28171,0,0.29544,1
UNIVERSE12,0.77,0.055,0,True,5.5,0,0,0,0,0
UNIVERSE12,0.77,0.055,0.01,True,6.5657,0.0068116,0.0068116,0,0.0071434,1
UNIVERSE12,0.77,0.055,0.03,True,8.7629,0.19014,0.19014,0,0.1994,1
UNIVERSE12,0.77,0.055,0.05,True,11.053,0.44302,0.44302,0,0.39166,3
UNIVERSE12,0.77,0.08,0,True,8,0.12733,0.12733,0,0.13353,1
UNIVERSE12,0.77,0.08,0.01,True,9.0909,0.21687,0.21687,0,0.22744,1
UNIVERSE12,0.77,0.08,0.03,True,11.34,0.51224,0.51224,0,0.41524,3
UNIVERSE12,0.77,0.08,0.05,True,13.684,1.7492,1.7492,0.078412,0.7299,9
UNIVERSE12,0.77,0.1,0,True,10,0.29013,0.29013,0,0.30427,1
UNIVERSE12,0.77,0.1,0.01,True,11.111,0.45713,0.45713,0,0.39646,3
UNIVERSE12,0.77,0.1,0.03,True,13.402,1.5628,1.5628,0.054911,0.68551,7
UNIVERSE12,0.77,0.1,0.05,True,15.789,3.5616,3.5616,0.25015,1.0543,11
UNIVERSE12,0.77,0.15,0,True,15,2.841,2.841,0.18648,0.93404,11
UNIVERSE12,0.77,0.15,0.01,True,16.162,3.9333,3.9333,0.27986,1.1104,13
UNIVERSE12,0.77,0.15,0.03,True,18.557,7.8515,7.8515,0.48256,1.4805,21
UNIVERSE12,0.77,0.15,0.05,True,21.053,14.39,14.39,0.83051,2.0096,36
UNIVERSE12,0.86,0.01,0,True,1,1.208,1.0589,0.020177,0.59088,6
UNIVERSE12,0.86,0.01,0.01,False,2.0202,1.9518,1.7129,0.1,0.77068,9
UNIVERSE12,0.86,0.01,0.03,False,4.1237,4.0825,3.5271,0.29038,1.1303,14
UNIVERSE12,0.86,0.01,0.05,False,6.3158,8.231,7.2765,0.49993,1.5206,21
UNIVERSE12,0.86,0.02,0,True,2,1.9343,1.6971,0.098134,0.76716,9
UNIVERSE12,0.86,0.02,0.01,True,3.0303,2.9079,2.5398,0.19239,0.9452,11
UNIVERSE12,0.86,0.02,0.03,False,5.1546,5.7349,5.0676,0.3809,1.3013,18
UNIVERSE12,0.86,0.02,0.05,False,7.3684,10.916,9.762,0.66264,1.7718,27
UNIVERSE12,0.86,0.03,0,True,3,2.8768,2.514,0.18965,0.94001,11
UNIVERSE12,0.86,0.03,0.01,True,4.0404,3.9771,3.4358,0.28299,1.1163,14
UNIVERSE12,0.86,0.03,0.03,False,6.1856,7.9337,7.0111,0.48632,1.4891,21
UNIVERSE12,0.86,0.03,0.05,False,8.4211,14.531,13.213,0.83652,2.0181,36
UNIVERSE12,0.86,0.044,0,True,4.4,4.4823,3.8984,0.31482,1.1765,16
UNIVERSE12,0.86,0.044,0.01,True,5.4545,6.3448,5.6027,0.40931,1.3504,20
UNIVERSE12,0.86,0.044,0.03,True,7.6289,11.718,10.523,0.70598,1.8332,30
UNIVERSE12,0.86,0.044,0.05,False,9.8947,20.988,19.63,1.0743,2.355,47
UNIVERSE12,0.86,0.055,0,True,5.5,6.4426,5.6892,0.41413,1.3578,20
UNIVERSE12,0.86,0.055,0.01,True,6.5657,8.8016,7.7862,0.52774,1.5806,21
UNIVERSE12,0.86,0.055,0.03,True,8.7629,15.896,14.557,0.89226,2.0971,40
UNIVERSE12,0.86,0.055,0.05,True,11.053,27.57,26.12,1.2568,2.6135,63
UNIVERSE12,0.86,0.08,0,True,8,12.966,11.713,0.76737,1.9201,32
UNIVERSE12,0.86,0.08,0.01,True,9.0909,17.266,15.928,0.94541,2.1724,41
UNIVERSE12,0.86,0.08,0.03,True,11.34,29.663,28.173,1.3042,2.6768,71
UNIVERSE12,0.86,0.08,0.05,True,13.684,59.75,57.625,1.7721,3.2893,244
UNIVERSE12,0.86,0.1,0,True,10,21.52,20.154,1.0911,2.3787,48
UNIVERSE12,0.86,0.1,0.01,True,11.111,27.971,26.516,1.2659,2.6264,64
UNIVERSE12,0.86,0.1,0.03,True,13.402,53.979,52.001,1.709,3.2098,203
UNIVERSE12,0.86,0.1,0.05,True,15.789,182.45,178.19,2.2334,3.8702,1630
UNIVERSE12,0.86,0.15,0,True,15,110.7,107.54,2.0624,3.6549,757
UNIVERSE12,0.86,0.15,0.01,True,16.162,241.46,236.43,2.3132,3.9707,2397
UNIVERSE12,0.86,0.15,0.03,True,18.557,748,736.82,2.8148,4.6024,2733
UNIVERSE12,0.86,0.15,0.05,True,21.053,1256.2,1238.9,3.3164,5.234,2733
DEPLOY4,0.77,0.01,0,True,1,0,0,0,0,0
DEPLOY4,0.77,0.01,0.01,False,2.0202,0,0,0,0,0
DEPLOY4,0.77,0.01,0.03,False,4.1237,0,0,0,0,0
DEPLOY4,0.77,0.01,0.05,False,6.3158,0,0,0,0,0
DEPLOY4,0.77,0.02,0,True,2,0,0,0,0,0
DEPLOY4,0.77,0.02,0.01,True,3.0303,0,0,0,0,0
DEPLOY4,0.77,0.02,0.03,False,5.1546,0,0,0,0,0
DEPLOY4,0.77,0.02,0.05,False,7.3684,0,0,0,0,0
DEPLOY4,0.77,0.03,0,True,3,0,0,0,0,0
DEPLOY4,0.77,0.03,0.01,True,4.0404,0,0,0,0,0
DEPLOY4,0.77,0.03,0.03,False,6.1856,0,0,0,0,0
DEPLOY4,0.77,0.03,0.05,False,8.4211,0,0,0,0,0
DEPLOY4,0.77,0.044,0,True,4.4,0,0,0,0,0
DEPLOY4,0.77,0.044,0.01,True,5.4545,0,0,0,0,0
DEPLOY4,0.77,0.044,0.03,True,7.6289,0,0,0,0,0
DEPLOY4,0.77,0.044,0.05,False,9.8947,0,0,0,0,0
DEPLOY4,0.77,0.055,0,True,5.5,0,0,0,0,0
DEPLOY4,0.77,0.055,0.01,True,6.5657,0,0,0,0,0
DEPLOY4,0.77,0.055,0.03,True,8.7629,0,0,0,0,0
DEPLOY4,0.77,0.055,0.05,True,11.053,0.20867,0.20867,0.0021158,0.045465,2
DEPLOY4,0.77,0.08,0,True,8,0,0,0,0,0
DEPLOY4,0.77,0.08,0.01,True,9.0909,0,0,0,0,0
DEPLOY4,0.77,0.08,0.03,True,11.34,0.34886,0.34886,0.0040044,0.069946,2
DEPLOY4,0.77,0.08,0.05,True,13.684,3.136,3.136,0.19136,0.26487,7
DEPLOY4,0.77,0.1,0,True,10,0,0,0,0,0
DEPLOY4,0.77,0.1,0.01,True,11.111,0.23723,0.23723,0.0025006,0.050454,2
DEPLOY4,0.77,0.1,0.03,True,13.402,2.7272,2.7272,0.16814,0.24183,6
DEPLOY4,0.77,0.1,0.05,True,15.789,6.8405,6.8405,0.36104,0.43322,8
DEPLOY4,0.77,0.15,0,True,15,5.3912,5.3912,0.29814,0.37081,8
DEPLOY4,0.77,0.15,0.01,True,16.162,7.5945,7.5945,0.3904,0.46234,9
DEPLOY4,0.77,0.15,0.03,True,18.557,15.113,15.113,0.67363,0.81461,13
DEPLOY4,0.77,0.15,0.05,True,21.053,27.344,27.344,1.0427,1.1807,21
DEPLOY4,0.86,0.01,0,True,1,1.9338,1.4863,0.11864,0.19272,5
DEPLOY4,0.86,0.01,0.01,False,2.0202,3.5647,2.848,0.21269,0.28603,7
DEPLOY4,0.86,0.01,0.03,False,4.1237,7.865,6.1987,0.40079,0.47266,9
DEPLOY4,0.86,0.01,0.05,False,6.3158,15.845,13.336,0.70161,0.84236,13
DEPLOY4,0.86,0.02,0,True,2,3.5276,2.8162,0.21085,0.2842,7
DEPLOY4,0.86,0.02,0.01,True,3.0303,5.5257,4.4214,0.30398,0.3766,8
DEPLOY4,0.86,0.02,0.03,False,5.1546,11.007,9.0631,0.50428,0.64659,11
DEPLOY4,0.86,0.02,0.05,False,7.3684,20.985,17.975,0.8768,1.0162,16
DEPLOY4,0.86,0.03,0,True,3,5.4632,4.3746,0.30126,0.37391,8
DEPLOY4,0.86,0.03,0.01,True,4.0404,7.675,6.0511,0.39349,0.46541,9
DEPLOY4,0.86,0.03,0.03,False,6.1856,15.272,12.826,0.67969,0.82062,13
DEPLOY4,0.86,0.03,0.05,False,8.4211,27.599,24.098,1.0486,1.1866,21
DEPLOY4,0.86,0.044,0,True,4.4,8.6315,6.8799,0.42519,0.51703,10
DEPLOY4,0.86,0.044,0.01,True,5.4545,12.194,10.103,0.55566,0.69757,12
DEPLOY4,0.86,0.044,0.03,True,7.6289,22.479,19.347,0.91962,1.0587,18
DEPLOY4,0.86,0.044,0.05,False,9.8947,38.628,35.071,1.2836,1.4197,26
DEPLOY4,0.86,0.055,0,True,5.5,12.386,10.272,0.56342,0.70527,12
DEPLOY4,0.86,0.055,0.01,True,6.5657,16.949,14.32,0.7435,0.88393,13
DEPLOY4,0.86,0.055,0.03,True,8.7629,29.982,26.419,1.1037,1.2413,22
DEPLOY4,0.86,0.055,0.05,True,11.053,49.72,46.17,1.4815,1.6836,34
DEPLOY4,0.86,0.08,0,True,8,24.764,21.458,0.98028,1.1188,19
DEPLOY4,0.86,0.08,0.01,True,9.0909,32.317,28.756,1.1562,1.2934,22
DEPLOY4,0.86,0.08,0.03,True,11.34,53.36,49.761,1.5477,1.7493,40
DEPLOY4,0.86,0.08,0.05,True,13.684,104.05,99.112,2.0755,2.2729,122
DEPLOY4,0.86,0.1,0,True,10,39.528,35.972,1.3001,1.44,27
DEPLOY4,0.86,0.1,0.01,True,11.111,50.402,46.853,1.495,1.697,35
DEPLOY4,0.86,0.1,0.03,True,13.402,94.732,90.106,2.0131,2.211,110
DEPLOY4,0.86,0.1,0.05,True,15.789,261.25,252.4,2.5312,2.7251,574
DEPLOY4,0.86,0.15,0,True,15,176.02,168.88,2.3623,2.5575,330
DEPLOY4,0.86,0.15,0.01,True,16.162,322.9,312.9,2.6101,2.8033,806
DEPLOY4,0.86,0.15,0.03,True,18.557,828.35,808.04,3.1057,3.295,897
DEPLOY4,0.86,0.15,0.05,True,21.053,1335.2,1304.5,3.6013,3.7867,897
