ticker,cls,n,share_below_threshold,q99_loss_full_bps,q99_loss_censored_bps,implied_full_sample_conf
AAPL,Long,115,0.46087,559.44,597,0.991304
AAPL,Weekend,758,0.497361,358.66,915.29,0.994723
AMZN,Long,115,0.478261,294.28,467.95,0.991304
AMZN,Short,41,0.390244,326.11,326.11,0.97561
AMZN,Weekend,758,0.511873,374.83,645.07,0.994723
GOOGL,Long,115,0.495652,280.57,361.96,0.991304
GOOGL,Weekend,758,0.543536,394.37,693.1,0.994723
JPM,Long,115,0.469565,320.08,448.85,0.991304
JPM,Weekend,758,0.543536,310.64,371.16,0.994723
META,Long,97,0.474227,523.97,523.97,0.989691
META,Short,39,0.487179,302.51,302.51,0.974359
META,Weekend,653,0.454824,446.36,655.51,0.993874
MSFT,Long,115,0.452174,368.43,506.63,0.991304
MSFT,Weekend,758,0.58971,316.43,624.99,0.994723
NVDA,Long,115,0.365217,333.23,729.48,0.991304
NVDA,Short,41,0.390244,367.57,367.57,0.97561
NVDA,Weekend,758,0.395778,754.06,1034.25,0.993404
QQQ,Long,115,0.53913,235.48,408.84,0.991304
QQQ,Weekend,758,0.627968,319.77,724.6,0.996042
SPY,Long,115,0.591304,172.54,297.99,0.991304
SPY,Weekend,758,0.680739,258.57,536.83,0.996042
TSLA,Long,111,0.27027,790.89,1613.16,0.990991
TSLA,Short,41,0.390244,836.3,836.3,0.97561
TSLA,Weekend,737,0.313433,555.46,675.98,0.991859
WMT,Long,115,0.686957,350.17,772.55,0.991304
WMT,Weekend,758,0.773087,164.22,542.9,0.997361
XOM,Long,115,0.478261,214.67,281.15,0.991304
XOM,Weekend,758,0.530343,385.92,588.48,0.994723
