ticker,cls,n,mean_bps,std_bps,rms_bps,skew,excess_kurtosis,worst_bps,loss_q95_bps,loss_q99_bps,loss_q99.5_bps,loss_q99.9_bps,q_resolvable
AAPL,Overnight,3297,5.86653,110.917,111.056,-0.454578,18.5403,-1110.16,136.18,338.87,468.51,855.14,0.95|0.99|0.995|0.999
AAPL,Short,41,-5.16195,103.779,102.635,0.739184,4.91879,-282.99,182.33,282.99,282.99,282.99,0.95
AAPL,Weekend,758,4.21416,136.4,136.376,-2.76209,27.5652,-1387.82,167.05,358.66,915.29,1387.82,0.95|0.99|0.995
AAPL,Long,115,-18.8534,127.839,128.671,-1.63619,4.95074,-597,254.98,559.44,597,597,0.95|0.99
AMZN,Overnight,3297,9.5979,145.678,145.972,0.519792,30.8854,-1252.96,155.03,403.66,686.79,1121.61,0.95|0.99|0.995|0.999
AMZN,Short,41,29.0056,94.0277,97.298,-1.67526,4.81793,-326.11,57,326.11,326.11,326.11,0.95
AMZN,Weekend,758,2.37315,117.144,117.09,-1.10473,15.126,-850.53,162.82,374.83,645.07,850.53,0.95|0.99|0.995
AMZN,Long,115,-7.066,108.739,108.496,-0.85049,2.29639,-467.95,207.48,294.28,467.95,467.95,0.95|0.99
GOOGL,Overnight,3297,8.78194,117.674,117.984,1.43875,24.1875,-849.54,135.57,280.46,502.59,797.76,0.95|0.99|0.995|0.999
GOOGL,Short,41,1.39756,72.7991,71.9194,-0.185727,0.344558,-171.42,121.98,171.42,171.42,171.42,0.95
GOOGL,Weekend,758,-5.25365,111.113,111.164,-2.14807,18.8176,-1083.23,153.25,394.37,693.1,1083.23,0.95|0.99|0.995
GOOGL,Long,115,-8.55348,101.957,101.872,-0.768841,1.18563,-361.96,212.18,280.57,361.96,361.96,0.95|0.99
JPM,Overnight,3297,5.14154,102.492,102.605,-0.0741393,12.4958,-925.16,130.69,295.25,394.39,681.51,0.95|0.99|0.995|0.999
JPM,Short,41,-8.26732,87.8393,87.1545,-0.817839,2.49893,-292.94,172.55,292.94,292.94,292.94,0.95
JPM,Weekend,758,-1.19402,136.001,135.916,-4.40398,69.0443,-1985.24,184.51,310.64,371.16,1985.24,0.95|0.99|0.995
JPM,Long,115,-12.6327,119.111,119.263,-0.291914,2.07304,-448.85,250.37,320.08,448.85,448.85,0.95|0.99
META,Overnight,2823,9.79396,188.416,188.637,-0.853681,69.0492,-2813.86,177.74,384.78,649.15,2180.42,0.95|0.99|0.995|0.999
META,Short,39,17.7346,94.8816,95.3215,-0.579222,3.63522,-302.51,161.49,302.51,302.51,302.51,0.95
META,Weekend,653,-3.41262,133.106,133.047,-2.26367,17.6749,-1114.61,197.24,446.36,655.51,1114.61,0.95|0.99|0.995
META,Long,97,-10.1716,117.325,117.161,-1.22667,3.91919,-523.97,204.48,523.97,523.97,523.97,0.95
MSFT,Overnight,3297,6.12353,103.491,103.656,0.598882,21.4084,-904.24,120.02,273.25,344.8,809.44,0.95|0.99|0.995|0.999
MSFT,Short,41,-3.82244,79.8372,78.9501,-0.673327,1.97114,-251.95,111.19,251.95,251.95,251.95,0.95
MSFT,Weekend,758,-4.20426,103.61,103.627,-3.30534,35.0285,-1261.92,130.34,316.43,624.99,1261.92,0.95|0.99|0.995
MSFT,Long,115,-16.5878,101.2,102.115,-1.2055,4.7208,-506.63,189.67,368.43,506.63,506.63,0.95|0.99
NVDA,Overnight,3297,16.1686,165.454,166.217,0.908489,28.4201,-2144.85,209.43,427.53,501.37,763.75,0.95|0.99|0.995|0.999
NVDA,Short,41,4.3122,125.862,124.393,-0.233513,0.993196,-367.57,191.68,367.57,367.57,367.57,0.95
NVDA,Weekend,758,0.371847,186.265,186.142,-2.96203,21.015,-1594.2,246.63,754.06,1256.14,1594.2,0.95|0.99|0.995
NVDA,Long,115,-7.33365,154.411,153.913,-0.709121,3.65116,-729.48,260.1,333.23,729.48,729.48,0.95|0.99
QQQ,Overnight,3297,5.31056,75.5211,75.6962,-0.345867,8.29339,-696.26,112.63,215.69,274.01,362.28,0.95|0.99|0.995|0.999
QQQ,Short,41,5.31024,77.7002,76.9303,-0.306896,2.55103,-214.26,80.14,214.26,214.26,214.26,0.95
QQQ,Weekend,758,1.54686,95.8296,95.7788,-3.14447,29.1508,-993.48,118.8,319.77,550.59,993.48,0.95|0.99|0.995
QQQ,Long,115,-0.824609,89.3129,88.9276,-0.898919,3.13811,-408.84,158.35,235.48,408.84,408.84,0.95|0.99
SPY,Overnight,3297,3.06961,64.0428,64.1066,-0.652522,15.3743,-692.64,92.58,190.78,255.1,349.88,0.95|0.99|0.995|0.999
SPY,Short,41,-1.18756,64.2322,63.4551,-0.428026,1.94085,-161.52,152.4,161.52,161.52,161.52,0.95
SPY,Weekend,758,1.40985,86.6557,86.61,-3.91365,46.5978,-1103.57,106.81,258.57,407.13,1103.57,0.95|0.99|0.995
SPY,Long,115,0.369304,75.827,75.4975,-0.250727,1.90583,-297.99,126.7,172.54,297.99,297.99,0.95|0.99
TSLA,Overnight,3200,12.9782,206.708,207.083,0.607115,14.0987,-1328.77,258.49,674.75,869.83,1081.78,0.95|0.99|0.995|0.999
TSLA,Short,41,12.4968,186.751,184.882,-2.28347,8.78356,-836.3,154.9,836.3,836.3,836.3,0.95
TSLA,Weekend,737,21.7043,226.031,226.917,-0.611009,10.8241,-1520.86,311.17,555.46,1144.06,1520.86,0.95|0.99|0.995
TSLA,Long,111,27.1803,330.64,330.267,-0.0496444,8.94931,-1613.16,394.76,790.89,1613.16,1613.16,0.95|0.99
WMT,Overnight,3297,-0.0543585,77.4305,77.4188,-0.137932,41.098,-860.89,88.02,242.37,312.93,718.09,0.95|0.99|0.995|0.999
WMT,Short,41,10.2012,51.7706,52.1429,-0.601768,2.29387,-163.43,59.42,163.43,163.43,163.43,0.95
WMT,Weekend,758,-4.20596,63.6688,63.7656,-4.1381,44.5963,-812.12,82.69,164.22,361.05,812.12,0.95|0.99|0.995
WMT,Long,115,-2.81183,116.519,116.045,-2.04708,18.2063,-772.55,109.63,350.17,772.55,772.55,0.95|0.99
XOM,Overnight,3297,0.817207,92.7532,92.7428,0.184524,12.8406,-654.87,136.23,274.12,359,508.17,0.95|0.99|0.995|0.999
XOM,Short,41,-24.8302,113.105,114.443,-1.96405,5.43611,-477.51,196.61,477.51,477.51,477.51,0.95
XOM,Weekend,758,-2.37388,126.104,126.043,-1.70517,30.1724,-1339.81,166.89,385.92,588.48,1339.81,0.95|0.99|0.995
XOM,Long,115,13.9963,96.5157,97.1091,0.464088,1.62495,-281.15,139.17,214.67,281.15,281.15,0.95|0.99
