group,treatment_base_lltv,kind,treat_annualised_bad_debt_bps,flat_same_lltv_bad_debt_bps,equivalent_flat_lltv_pct,equivalent_ci,ltv_gain_pp_gross,gain_ci,capacity_given_up_time_avg_pct,ltv_gain_pp_net_of_capacity,net_gain_ci
DEPLOY4,morpho_77,in_the_wild,0,0,77,"[77.00, 77.00]",0,"[0.00, 0.00]",0.00111926,-0.000861831,"[-0.00, 0.00]"
DEPLOY4,morpho_86,in_the_wild,6.82743,8.57294,84.1675,"[82.40, 86.00]",1.83246,"[0.00, 3.60]",0.0617989,1.77931,"[-0.07, 3.56]"
DEPLOY4,cf_90,counterfactual,16.5622,24.0211,88.0687,"[86.72, 89.99]",1.93133,"[0.01, 3.28]",0.238255,1.71691,"[-0.18, 3.03]"
DEPLOY4,cf_93,counterfactual,22.4545,43.6434,89.5944,"[87.14, 91.85]",3.40564,"[1.15, 5.86]",0.599233,2.84836,"[0.63, 5.27]"
DEPLOY4,cf_95,counterfactual,24.9119,65.8475,90.1362,"[87.21, 92.81]",4.86381,"[2.19, 7.79]",1.02791,3.8873,"[1.23, 6.78]"
UNIVERSE12,morpho_77,in_the_wild,0.0781668,0.0781668,77,"[77.00, 77.00]",0,"[0.00, 0.00]",0.000514303,-0.000396013,"[-0.00, 0.00]"
UNIVERSE12,morpho_86,in_the_wild,3.86959,4.45142,84.8026,"[84.24, 86.00]",1.1974,"[0.00, 1.76]",0.0303971,1.17126,"[-0.04, 1.74]"
UNIVERSE12,cf_90,counterfactual,9.40715,12.56,88.4447,"[87.89, 89.99]",1.55532,"[0.01, 2.11]",0.116258,1.45069,"[-0.08, 2.00]"
UNIVERSE12,cf_93,counterfactual,14.0146,23.9462,90.3832,"[89.37, 92.13]",2.61676,"[0.87, 3.63]",0.291911,2.34528,"[0.62, 3.33]"
UNIVERSE12,cf_95,counterfactual,17.2668,36.7346,91.2401,"[90.07, 93.52]",3.75987,"[1.48, 4.93]",0.558703,3.2291,"[0.98, 4.36]"
