group,cluster,lltv_pct,annualised_bad_debt_bps,ci_lo,ci_hi
DEPLOY4,date,70,0,0,0
DEPLOY4,date,71,0,0,0
DEPLOY4,date,72,0,0,0
DEPLOY4,date,73,0,0,0
DEPLOY4,date,74,0,0,0
DEPLOY4,date,75,0,0,0
DEPLOY4,date,76,0,0,0
DEPLOY4,date,77,0,0,0
DEPLOY4,date,78,0,0,0
DEPLOY4,date,79,0,0,0
DEPLOY4,date,80,0,0,0
DEPLOY4,date,81,7.4685e-15,0,1.86712e-14
DEPLOY4,date,82,7.4685e-15,0,2.21323e-14
DEPLOY4,date,83,7.4685e-15,0,2.21323e-14
DEPLOY4,date,84,7.4685e-15,0,2.21323e-14
DEPLOY4,date,85,7.4685e-15,0,2.21323e-14
DEPLOY4,date,86,5.16024,1.17721,10.4399
DEPLOY4,date,87,7.37867,1.58502,14.0646
DEPLOY4,date,88,10.8404,3.11803,20.5614
DEPLOY4,date,89,13.4451,3.61055,26.6743
DEPLOY4,date,90,18.8335,5.02916,36.7697
DEPLOY4,date,91,25.6542,6.99599,49.7433
DEPLOY4,date,92,31.9656,9.18785,61.3078
DEPLOY4,date,93,40.9287,12.7552,76.7202
DEPLOY4,date,94,48.2187,15.6763,88.6392
DEPLOY4,date,95,59.5463,21.7858,106.182
DEPLOY4,date,96,77.2066,33.8077,131.006
UNIVERSE12,date,70,0,0,0
UNIVERSE12,date,71,0,0,0
UNIVERSE12,date,72,0,0,0
UNIVERSE12,date,73,0,0,0
UNIVERSE12,date,74,0,0,0
UNIVERSE12,date,75,0,0,0
UNIVERSE12,date,76,0,0,0
UNIVERSE12,date,77,0,0,0
UNIVERSE12,date,78,1.29262e-15,0,3.87787e-15
UNIVERSE12,date,79,1.29262e-15,0,3.87787e-15
UNIVERSE12,date,80,1.29262e-15,0,3.87787e-15
UNIVERSE12,date,81,3.73425e-15,0,8.71325e-15
UNIVERSE12,date,82,0.491028,0,1.47308
UNIVERSE12,date,83,0.567613,0,1.70284
UNIVERSE12,date,84,0.642375,0,1.92712
UNIVERSE12,date,85,0.715377,0,2.14613
UNIVERSE12,date,86,2.50676,0.399544,5.58213
UNIVERSE12,date,87,3.71818,0.528341,8.05656
UNIVERSE12,date,88,5.38884,0.991355,11.2562
UNIVERSE12,date,89,6.84528,1.13146,14.9659
UNIVERSE12,date,90,9.87145,1.56619,21.3974
UNIVERSE12,date,91,13.2255,2.332,28.1236
UNIVERSE12,date,92,16.6566,3.04044,35.5078
UNIVERSE12,date,93,21.8278,5.06857,45.0768
UNIVERSE12,date,94,26.7178,6.79002,53.6957
UNIVERSE12,date,95,33.2934,9.35752,65.4122
UNIVERSE12,date,96,42.9958,15.2505,79.7611
