group,control,kind,scenario,arm,period,events,bad_debt_pct_of_outstanding,liquidated_pct_of_outstanding,events_with_bad_debt_pct,lender_loss_p99_pct,lender_loss_p999_pct,lender_loss_max_pct,annualised_bad_debt_bps,cap_reduction_at_window_pct,forced_delev_share_pct,capacity_given_up_time_avg_pct
DEPLOY4,morpho_38.5,in_the_wild,blind,control,2010+ (in-sample before 2018),3599,0,4.4089,0,0,0,0,0,0,0,0
DEPLOY4,morpho_38.5,in_the_wild,blind,treat_e1,2010+ (in-sample before 2018),3599,0,4.4089,0,0,0,0,0,0,0,0
DEPLOY4,morpho_38.5,in_the_wild,regular,control,2010+ (in-sample before 2018),16722,0,4.73049,0,0,0,0,0,0,0,
DEPLOY4,morpho_38.5,in_the_wild,regular,treat_e1,2010+ (in-sample before 2018),16722,0,4.73049,0,0,0,0,0,0,0,
DEPLOY4,morpho_62.5,in_the_wild,blind,control,2010+ (in-sample before 2018),3599,0,4.4089,0,0,0,0,0,0,0,0
DEPLOY4,morpho_62.5,in_the_wild,blind,treat_e1,2010+ (in-sample before 2018),3599,0,4.4089,0,0,0,0,0,0,0,0
DEPLOY4,morpho_62.5,in_the_wild,regular,control,2010+ (in-sample before 2018),16722,0,4.73049,0,0,0,0,0,0,0,
DEPLOY4,morpho_62.5,in_the_wild,regular,treat_e1,2010+ (in-sample before 2018),16722,0,4.73049,0,0,0,0,0,0,0,
DEPLOY4,morpho_77,in_the_wild,blind,control,2010+ (in-sample before 2018),3599,0,4.4089,0,0,0,0,0,0,0,0
DEPLOY4,morpho_77,in_the_wild,blind,treat_e1,2010+ (in-sample before 2018),3599,0,4.40626,0,0,0,0,0,0.00131061,0.00012482,0.000586023
DEPLOY4,morpho_77,in_the_wild,regular,control,2010+ (in-sample before 2018),16722,0,4.73049,0,0,0,0,0,0,0,
DEPLOY4,morpho_77,in_the_wild,regular,treat_e1,2010+ (in-sample before 2018),16722,0,4.73049,0,0,0,0,0,0,0,
DEPLOY4,morpho_86,in_the_wild,blind,control,2010+ (in-sample before 2018),3599,0.000501212,4.4089,0.138927,0,0.16543,0.495237,2.69848,0,0,0
DEPLOY4,morpho_86,in_the_wild,blind,treat_e1,2010+ (in-sample before 2018),3599,0.000386901,4.35313,0.138927,0,1.23022e-15,0.495237,2.08287,0.071978,0.00818246,0.0332188
DEPLOY4,morpho_86,in_the_wild,regular,control,2010+ (in-sample before 2018),16722,0.000220807,4.73049,0.0358809,0,0,1.5446,5.52352,0,0,
DEPLOY4,morpho_86,in_the_wild,regular,treat_e1,2010+ (in-sample before 2018),16722,0.000220807,4.73049,0.0358809,0,0,1.5446,5.52352,0,0,
DEPLOY4,aave_65,in_the_wild,blind,control,2010+ (in-sample before 2018),3599,0,4.4089,0,0,0,0,0,0,0,0
DEPLOY4,aave_65,in_the_wild,blind,treat_e1,2010+ (in-sample before 2018),3599,0,4.4089,0,0,0,0,0,0,0,0
DEPLOY4,aave_65,in_the_wild,regular,control,2010+ (in-sample before 2018),16722,0,4.73049,0,0,0,0,0,0,0,
DEPLOY4,aave_65,in_the_wild,regular,treat_e1,2010+ (in-sample before 2018),16722,0,4.73049,0,0,0,0,0,0,0,
DEPLOY4,aave_79,in_the_wild,blind,control,2010+ (in-sample before 2018),3599,0,4.4089,0,0,0,0,0,0,0,0
DEPLOY4,aave_79,in_the_wild,blind,treat_e1,2010+ (in-sample before 2018),3599,0,4.40624,0,0,0,0,0,0.00444232,0.000436118,0.00207442
DEPLOY4,aave_79,in_the_wild,regular,control,2010+ (in-sample before 2018),16722,0,4.73049,0,0,0,0,0,0,0,
DEPLOY4,aave_79,in_the_wild,regular,treat_e1,2010+ (in-sample before 2018),16722,0,4.73049,0,0,0,0,0,0,0,
DEPLOY4,cf_90,counterfactual,blind,control,2010+ (in-sample before 2018),3599,0.00205712,4.4089,0.361211,0,0.697312,1.10069,11.0754,0,0,0
DEPLOY4,cf_90,counterfactual,blind,treat_e1,2010+ (in-sample before 2018),3599,0.00138269,4.16738,0.277855,0,0.519071,1.06753,7.44627,0.295891,0.0344689,0.136794
DEPLOY4,cf_90,counterfactual,regular,control,2010+ (in-sample before 2018),16722,0.000752921,4.73049,0.179404,0,0.0831644,2.43203,18.8345,0,0,
DEPLOY4,cf_90,counterfactual,regular,treat_e1,2010+ (in-sample before 2018),16722,0.000752921,4.73049,0.179404,0,0.0831644,2.43203,18.8345,0,0,
DEPLOY4,cf_93,counterfactual,blind,control,2010+ (in-sample before 2018),3599,0.00438714,4.4089,0.750208,0,1.32938,1.50739,23.6199,0,0,0
DEPLOY4,cf_93,counterfactual,blind,treat_e1,2010+ (in-sample before 2018),3599,0.00234627,3.73311,0.500139,0,0.864168,1.39223,12.6403,0.790352,0.0933393,0.364043
DEPLOY4,cf_93,counterfactual,regular,control,2010+ (in-sample before 2018),16722,0.00222148,4.73049,0.735558,0,0.495463,3.00727,55.5707,0,0,
DEPLOY4,cf_93,counterfactual,regular,treat_e1,2010+ (in-sample before 2018),16722,0.00222148,4.73049,0.735558,0,0.495463,3.00727,55.5707,0,0,
DEPLOY4,cf_95,counterfactual,blind,control,2010+ (in-sample before 2018),3599,0.0066043,4.4089,0.944707,0,1.58892,1.9321,35.5569,0,0,0
DEPLOY4,cf_95,counterfactual,blind,treat_e1,2010+ (in-sample before 2018),3599,0.00295667,2.92047,0.527924,0,0.926011,1.60611,15.9368,1.50299,0.178146,0.690317
DEPLOY4,cf_95,counterfactual,regular,control,2010+ (in-sample before 2018),16722,0.00524118,4.73049,1.91365,0.206868,0.786543,3.54173,131.109,0,0,
DEPLOY4,cf_95,counterfactual,regular,treat_e1,2010+ (in-sample before 2018),16722,0.00524118,4.73049,1.91365,0.206868,0.786543,3.54173,131.109,0,0,
UNIVERSE12,morpho_38.5,in_the_wild,blind,control,2010+ (in-sample before 2018),10722,0,4.59816,0,0,0,0,0,0,0,0
UNIVERSE12,morpho_38.5,in_the_wild,blind,treat_e1,2010+ (in-sample before 2018),10722,0,4.59816,0,0,0,0,0,0,0,0
UNIVERSE12,morpho_38.5,in_the_wild,regular,control,2010+ (in-sample before 2018),49811,0,4.67257,0,0,0,0,0,0,0,
UNIVERSE12,morpho_38.5,in_the_wild,regular,treat_e1,2010+ (in-sample before 2018),49811,0,4.67257,0,0,0,0,0,0,0,
UNIVERSE12,morpho_62.5,in_the_wild,blind,control,2010+ (in-sample before 2018),10722,0,4.59816,0,0,0,0,0,0,0,0
UNIVERSE12,morpho_62.5,in_the_wild,blind,treat_e1,2010+ (in-sample before 2018),10722,0,4.59816,0,0,0,0,0,0,0,0
UNIVERSE12,morpho_62.5,in_the_wild,regular,control,2010+ (in-sample before 2018),49811,0,4.67257,0,0,0,0,0,0,0,
UNIVERSE12,morpho_62.5,in_the_wild,regular,treat_e1,2010+ (in-sample before 2018),49811,0,4.67257,0,0,0,0,0,0,0,
UNIVERSE12,morpho_77,in_the_wild,blind,control,2010+ (in-sample before 2018),10722,0,4.59816,0,0,0,0,0,0,0,0
UNIVERSE12,morpho_77,in_the_wild,blind,treat_e1,2010+ (in-sample before 2018),10722,0,4.59638,0,0,0,0,0,0.000608297,5.7933e-05,0.000269279
UNIVERSE12,morpho_77,in_the_wild,regular,control,2010+ (in-sample before 2018),49811,0,4.67257,0,0,0,0,0,0,0,
UNIVERSE12,morpho_77,in_the_wild,regular,treat_e1,2010+ (in-sample before 2018),49811,0,4.67257,0,0,0,0,0,0,0,
UNIVERSE12,morpho_86,in_the_wild,blind,control,2010+ (in-sample before 2018),10722,0.000245184,4.59816,0.0652863,0,0,0.824999,1.31088,0,0,0
UNIVERSE12,morpho_86,in_the_wild,blind,treat_e1,2010+ (in-sample before 2018),10722,0.000206811,4.56613,0.0652863,0,0,0.824999,1.10567,0.0352748,0.00406692,0.0162027
UNIVERSE12,morpho_86,in_the_wild,regular,control,2010+ (in-sample before 2018),49811,7.41268e-05,4.67257,0.0120455,0,0,1.5446,1.84117,0,0,
UNIVERSE12,morpho_86,in_the_wild,regular,treat_e1,2010+ (in-sample before 2018),49811,7.41268e-05,4.67257,0.0120455,0,0,1.5446,1.84117,0,0,
UNIVERSE12,aave_65,in_the_wild,blind,control,2010+ (in-sample before 2018),10722,0,4.59816,0,0,0,0,0,0,0,0
UNIVERSE12,aave_65,in_the_wild,blind,treat_e1,2010+ (in-sample before 2018),10722,0,4.59816,0,0,0,0,0,0,0,0
UNIVERSE12,aave_65,in_the_wild,regular,control,2010+ (in-sample before 2018),49811,0,4.67257,0,0,0,0,0,0,0,
UNIVERSE12,aave_65,in_the_wild,regular,treat_e1,2010+ (in-sample before 2018),49811,0,4.67257,0,0,0,0,0,0,0,
UNIVERSE12,aave_79,in_the_wild,blind,control,2010+ (in-sample before 2018),10722,0,4.59816,0,0,0,0,0,0,0,0
UNIVERSE12,aave_79,in_the_wild,blind,treat_e1,2010+ (in-sample before 2018),10722,0,4.59549,0,0,0,0,0,0.00237042,0.000230131,0.00109555
UNIVERSE12,aave_79,in_the_wild,regular,control,2010+ (in-sample before 2018),49811,0,4.67257,0,0,0,0,0,0,0,
UNIVERSE12,aave_79,in_the_wild,regular,treat_e1,2010+ (in-sample before 2018),49811,0,4.67257,0,0,0,0,0,0,0,
UNIVERSE12,cf_90,counterfactual,blind,control,2010+ (in-sample before 2018),10722,0.00107336,4.59816,0.205186,0,0.472395,1.7388,5.73871,0,0,0
UNIVERSE12,cf_90,counterfactual,blind,treat_e1,2010+ (in-sample before 2018),10722,0.000805466,4.46927,0.177206,0,0.337853,1.39134,4.30985,0.142055,0.0166744,0.065348
UNIVERSE12,cf_90,counterfactual,regular,control,2010+ (in-sample before 2018),49811,0.000252762,4.67257,0.0662504,0,0,2.43203,6.27815,0,0,
UNIVERSE12,cf_90,counterfactual,regular,treat_e1,2010+ (in-sample before 2018),49811,0.000252762,4.67257,0.0662504,0,0,2.43203,6.27815,0,0,
UNIVERSE12,cf_93,counterfactual,blind,control,2010+ (in-sample before 2018),10722,0.00235227,4.59816,0.447678,0,0.890016,2.48168,12.5765,0,0,0
UNIVERSE12,cf_93,counterfactual,blind,treat_e1,2010+ (in-sample before 2018),10722,0.00138816,4.23468,0.345085,0,0.464183,1.67518,7.43365,0.381184,0.0451711,0.1749
UNIVERSE12,cf_93,counterfactual,regular,control,2010+ (in-sample before 2018),49811,0.00080472,4.67257,0.311176,0,0.284549,3.00727,19.9878,0,0,
UNIVERSE12,cf_93,counterfactual,regular,treat_e1,2010+ (in-sample before 2018),49811,0.00080472,4.67257,0.311176,0,0.284549,3.00727,19.9878,0,0,
UNIVERSE12,cf_95,counterfactual,blind,control,2010+ (in-sample before 2018),10722,0.00381354,4.59816,0.671517,0,1.15617,2.8529,20.3891,0,0,0
UNIVERSE12,cf_95,counterfactual,blind,treat_e1,2010+ (in-sample before 2018),10722,0.00202345,3.64975,0.457004,0,0.556521,1.679,10.8384,0.806735,0.0937207,0.369202
UNIVERSE12,cf_95,counterfactual,regular,control,2010+ (in-sample before 2018),49811,0.00219387,4.67257,0.961635,0,0.423627,3.54173,54.4917,0,0,
UNIVERSE12,cf_95,counterfactual,regular,treat_e1,2010+ (in-sample before 2018),49811,0.00219387,4.67257,0.961635,0,0.423627,3.54173,54.4917,0,0,
