ticker,cls,variant,n,exceed,rate,mean_var_bps,kupiec_p
AAPL,Short,pooled_scales,24,1,0.041667,244.28,0.24374
AAPL,Short,asset_scales,24,0,0,263.9,0.48733
AAPL,Weekend,pooled_scales,396,11,0.027778,408.19,0.0035059
AAPL,Weekend,asset_scales,396,10,0.025253,413.58,0.010545
AAPL,Long,pooled_scales,61,1,0.016393,415.61,0.64589
AAPL,Long,asset_scales,61,1,0.016393,430.47,0.64589
AAPL,ALL,pooled_scales,481,13,0.027027,400.95,0.0019329
AAPL,ALL,asset_scales,481,11,0.022869,408.25,0.015148
AMZN,Short,pooled_scales,24,0,0,250.08,0.48733
AMZN,Short,asset_scales,24,0,0,250.02,0.48733
AMZN,Weekend,pooled_scales,396,9,0.022727,382.14,0.029083
AMZN,Weekend,asset_scales,396,9,0.022727,390.05,0.029083
AMZN,Long,pooled_scales,61,1,0.016393,390.35,0.64589
AMZN,Long,asset_scales,61,1,0.016393,388.82,0.64589
AMZN,ALL,pooled_scales,481,10,0.02079,376.6,0.037788
AMZN,ALL,asset_scales,481,10,0.02079,382.91,0.037788
GOOGL,Short,pooled_scales,24,1,0.041667,223.57,0.24374
GOOGL,Short,asset_scales,24,1,0.041667,187.07,0.24374
GOOGL,Weekend,pooled_scales,396,12,0.030303,366.57,0.0010749
GOOGL,Weekend,asset_scales,396,12,0.030303,376.72,0.0010749
GOOGL,Long,pooled_scales,61,0,0,372.17,0.26816
GOOGL,Long,asset_scales,61,0,0,374.82,0.26816
GOOGL,ALL,pooled_scales,481,13,0.027027,360.14,0.0019329
GOOGL,ALL,asset_scales,481,13,0.027027,367.02,0.0019329
JPM,Short,pooled_scales,24,2,0.083333,177.31,0.023998
JPM,Short,asset_scales,24,4,0.16667,154.2,7.7577e-05
JPM,Weekend,pooled_scales,396,7,0.017677,372.69,0.16597
JPM,Weekend,asset_scales,396,7,0.017677,378.4,0.16597
JPM,Long,pooled_scales,61,1,0.016393,403.37,0.64589
JPM,Long,asset_scales,61,1,0.016393,471.63,0.64589
JPM,ALL,pooled_scales,481,10,0.02079,366.83,0.037788
JPM,ALL,asset_scales,481,12,0.024948,379.04,0.0056142
META,Short,pooled_scales,24,1,0.041667,229.15,0.24374
META,Short,asset_scales,24,1,0.041667,200.82,0.24374
META,Weekend,pooled_scales,396,8,0.020202,390.37,0.073058
META,Weekend,asset_scales,396,7,0.017677,404.36,0.16597
META,Long,pooled_scales,61,0,0,404.41,0.26816
META,Long,asset_scales,61,0,0,373.52,0.26816
META,ALL,pooled_scales,481,9,0.018711,384.11,0.086707
META,ALL,asset_scales,481,8,0.016632,390.29,0.18199
MSFT,Short,pooled_scales,24,1,0.041667,168.75,0.24374
MSFT,Short,asset_scales,24,2,0.083333,163.08,0.023998
MSFT,Weekend,pooled_scales,396,7,0.017677,320.48,0.16597
MSFT,Weekend,asset_scales,396,6,0.015152,320.69,0.33831
MSFT,Long,pooled_scales,61,1,0.016393,330.85,0.64589
MSFT,Long,asset_scales,61,0,0,427.58,0.26816
MSFT,ALL,pooled_scales,481,9,0.018711,314.23,0.086707
MSFT,ALL,asset_scales,481,8,0.016632,326.38,0.18199
NVDA,Short,pooled_scales,24,0,0,385.55,0.48733
NVDA,Short,asset_scales,24,0,0,330.01,0.48733
NVDA,Weekend,pooled_scales,396,8,0.020202,625.89,0.073058
NVDA,Weekend,asset_scales,396,8,0.020202,641.71,0.073058
NVDA,Long,pooled_scales,61,1,0.016393,619.76,0.64589
NVDA,Long,asset_scales,61,1,0.016393,624.58,0.64589
NVDA,ALL,pooled_scales,481,9,0.018711,613.12,0.086707
NVDA,ALL,asset_scales,481,9,0.018711,623.98,0.086707
QQQ,Short,pooled_scales,24,0,0,167.97,0.48733
QQQ,Short,asset_scales,24,0,0,172.09,0.48733
QQQ,Weekend,pooled_scales,396,8,0.020202,294.86,0.073058
QQQ,Weekend,asset_scales,396,8,0.020202,301.03,0.073058
QQQ,Long,pooled_scales,61,0,0,301.69,0.26816
QQQ,Long,asset_scales,61,0,0,296.94,0.26816
QQQ,ALL,pooled_scales,481,8,0.016632,289.39,0.18199
QQQ,ALL,asset_scales,481,8,0.016632,294.08,0.18199
SPY,Short,pooled_scales,24,2,0.083333,132.55,0.023998
SPY,Short,asset_scales,24,2,0.083333,132.75,0.023998
SPY,Weekend,pooled_scales,396,9,0.022727,249.53,0.029083
SPY,Weekend,asset_scales,396,8,0.020202,252.5,0.073058
SPY,Long,pooled_scales,61,0,0,262.7,0.26816
SPY,Long,asset_scales,61,0,0,288.49,0.26816
SPY,ALL,pooled_scales,481,11,0.022869,245.36,0.015148
SPY,ALL,asset_scales,481,10,0.02079,251.09,0.037788
TSLA,Short,pooled_scales,24,1,0.041667,525.67,0.24374
TSLA,Short,asset_scales,24,1,0.041667,513.72,0.24374
TSLA,Weekend,pooled_scales,396,2,0.0050505,789.44,0.27384
TSLA,Weekend,asset_scales,396,2,0.0050505,760.14,0.27384
TSLA,Long,pooled_scales,61,2,0.032787,772.02,0.15709
TSLA,Long,asset_scales,61,0,0,1409,0.26816
TSLA,ALL,pooled_scales,481,5,0.010395,774.07,0.93106
TSLA,ALL,asset_scales,481,3,0.006237,830.13,0.37278
WMT,Short,pooled_scales,24,2,0.083333,109.6,0.023998
WMT,Short,asset_scales,24,1,0.041667,119.97,0.24374
WMT,Weekend,pooled_scales,396,3,0.0075758,215.32,0.61249
WMT,Weekend,asset_scales,396,3,0.0075758,198.58,0.61249
WMT,Long,pooled_scales,61,2,0.032787,219.13,0.15709
WMT,Long,asset_scales,61,2,0.032787,332.92,0.15709
WMT,ALL,pooled_scales,481,7,0.014553,210.53,0.34736
WMT,ALL,asset_scales,481,6,0.012474,211.69,0.59952
XOM,Short,pooled_scales,24,2,0.083333,192.87,0.023998
XOM,Short,asset_scales,24,2,0.083333,278.93,0.023998
XOM,Weekend,pooled_scales,396,5,0.012626,396.58,0.61378
XOM,Weekend,asset_scales,396,5,0.012626,399.12,0.61378
XOM,Long,pooled_scales,61,0,0,440.59,0.26816
XOM,Long,asset_scales,61,0,0,407.83,0.26816
XOM,ALL,pooled_scales,481,7,0.014553,392,0.34736
XOM,ALL,asset_scales,481,7,0.014553,394.23,0.34736
