asset,lltv,design,bad_bps_yr,bonus_cost_bps_yr,worst_window_loss_pct
TSLA,0.77,UNCONSTRAINED depth (flat 5.5%),0,1929.4,0
TSLA,0.77,flat 4.4% CF50,0,780.36,0
TSLA,0.77,flat 4.4% CF100,0,1419.6,0
TSLA,0.77,flat 5.5% CF50,0,977.07,0
TSLA,0.77,flat 5.5% CF100,0,1898.7,0
TSLA,0.77,dutch 30min,0,813.67,0
TSLA,0.77,dutch 60min,0,768.48,0
TSLA,0.77,dutch 120min,0,653.41,0
TSLA,0.77,dutch 60min bmax=formula,0,1380.7,0
TSLA,0.77,cap 2% of depth,0,807.74,0
TSLA,0.77,cap 5% of depth,0,1916.4,0
TSLA,0.86,UNCONSTRAINED depth (flat 5.5%),12.571,1918.9,0.59073
TSLA,0.86,flat 4.4% CF50,11.249,804.28,0.54058
TSLA,0.86,flat 4.4% CF100,10.447,1414,0.49842
TSLA,0.86,flat 5.5% CF50,13.383,1012.7,0.63364
TSLA,0.86,flat 5.5% CF100,12.571,1900.4,0.59073
TSLA,0.86,dutch 30min,12.571,1071.8,0.59073
TSLA,0.86,dutch 60min,12.571,943.69,0.59073
TSLA,0.86,dutch 120min,12.571,788.6,0.59073
TSLA,0.86,dutch 60min bmax=formula,17.584,1378.6,0.80878
TSLA,0.86,cap 2% of depth,13.309,900.4,0.62801
TSLA,0.86,cap 5% of depth,12.571,1905.2,0.59073
TSLA,0.9,UNCONSTRAINED depth (flat 5.5%),44.372,1902.9,1.4993
TSLA,0.9,flat 4.4% CF50,44.906,862.32,1.3983
TSLA,0.9,flat 4.4% CF100,44.424,1409.6,1.3687
TSLA,0.9,flat 5.5% CF50,51.037,1116.7,1.5684
TSLA,0.9,flat 5.5% CF100,50.533,1884.3,1.5348
TSLA,0.9,dutch 30min,50.533,1228.3,1.5348
TSLA,0.9,dutch 60min,50.533,1018.2,1.5348
TSLA,0.9,dutch 120min,50.533,852.16,1.5348
TSLA,0.9,dutch 60min bmax=formula,50.837,1027.2,1.5431
TSLA,0.9,cap 2% of depth,52.31,1073.7,1.6724
TSLA,0.9,cap 5% of depth,50.628,1895.2,1.5431
TSLA,0.93,UNCONSTRAINED depth (flat 5.5%),89.585,1806.3,2.05
TSLA,0.93,flat 4.4% CF50,92.607,994.18,2.3471
TSLA,0.93,flat 4.4% CF100,89.499,1387.1,2.2503
TSLA,0.93,flat 5.5% CF50,103.88,1343.4,2.5965
TSLA,0.93,flat 5.5% CF100,100.4,1810.4,2.487
TSLA,0.93,dutch 30min,100.4,1347.9,2.487
TSLA,0.93,dutch 60min,100.4,1182.8,2.487
TSLA,0.93,dutch 120min,100.4,1050.5,2.487
TSLA,0.93,dutch 60min bmax=formula,84.391,682.98,2.1601
TSLA,0.93,cap 2% of depth,108.57,1359.1,2.7513
TSLA,0.93,cap 5% of depth,100.56,1804.9,2.4954
NVDA,0.77,UNCONSTRAINED depth (flat 5.5%),0,1869.2,0
NVDA,0.77,flat 4.4% CF50,0,754.2,0
NVDA,0.77,flat 4.4% CF100,0,1376.4,0
NVDA,0.77,flat 5.5% CF50,0,949.16,0
NVDA,0.77,flat 5.5% CF100,0,1836.6,0
NVDA,0.77,dutch 30min,0,665.13,0
NVDA,0.77,dutch 60min,0,640.47,0
NVDA,0.77,dutch 120min,0,561.38,0
NVDA,0.77,dutch 60min bmax=formula,0,1151.3,0
NVDA,0.77,cap 2% of depth,0,777.88,0
NVDA,0.77,cap 5% of depth,0,1861.2,0
NVDA,0.86,UNCONSTRAINED depth (flat 5.5%),12.462,1858.8,0.57378
NVDA,0.86,flat 4.4% CF50,10.353,775.74,0.47373
NVDA,0.86,flat 4.4% CF100,10.617,1371.7,0.47921
NVDA,0.86,flat 5.5% CF50,12.688,974.99,0.56834
NVDA,0.86,flat 5.5% CF100,12.894,1854.8,0.57378
NVDA,0.86,dutch 30min,12.894,862.24,0.57378
NVDA,0.86,dutch 60min,12.894,796.85,0.57378
NVDA,0.86,dutch 120min,12.894,689.77,0.57378
NVDA,0.86,dutch 60min bmax=formula,18.091,1160.4,0.79224
NVDA,0.86,cap 2% of depth,12.318,854.85,0.56843
NVDA,0.86,cap 5% of depth,12.894,1849.1,0.57378
NVDA,0.9,UNCONSTRAINED depth (flat 5.5%),43.56,1836.7,1.4669
NVDA,0.9,flat 4.4% CF50,40.197,813.98,1.2755
NVDA,0.9,flat 4.4% CF100,38.278,1356,1.2797
NVDA,0.9,flat 5.5% CF50,45.764,1035.7,1.4572
NVDA,0.9,flat 5.5% CF100,43.503,1829.4,1.4619
NVDA,0.9,dutch 30min,43.503,993.5,1.4619
NVDA,0.9,dutch 60min,43.503,848.25,1.4619
NVDA,0.9,dutch 120min,43.503,746.1,1.4619
NVDA,0.9,dutch 60min bmax=formula,43.765,854.28,1.471
NVDA,0.9,cap 2% of depth,47.357,977.91,1.4419
NVDA,0.9,cap 5% of depth,43.489,1826.8,1.4607
NVDA,0.93,UNCONSTRAINED depth (flat 5.5%),113.71,1795.1,2.0187
NVDA,0.93,flat 4.4% CF50,99.674,939.07,1.8347
NVDA,0.93,flat 4.4% CF100,100.44,1357.1,1.8377
NVDA,0.93,flat 5.5% CF50,113.26,1267.2,2.0103
NVDA,0.93,flat 5.5% CF100,113.92,1795.6,2.0141
NVDA,0.93,dutch 30min,113.92,1157.5,2.0141
NVDA,0.93,dutch 60min,113.92,1035.4,2.0141
NVDA,0.93,dutch 120min,113.92,936.37,2.0141
NVDA,0.93,dutch 60min bmax=formula,92.425,591.76,1.7324
NVDA,0.93,cap 2% of depth,113.63,1273,1.9955
NVDA,0.93,cap 5% of depth,113.96,1788.2,2.0129
AAPL,0.77,UNCONSTRAINED depth (flat 5.5%),0,1855.1,0
AAPL,0.77,flat 4.4% CF50,0,739.1,0
AAPL,0.77,flat 4.4% CF100,0,1355.3,0
AAPL,0.77,flat 5.5% CF50,0,924.37,0
AAPL,0.77,flat 5.5% CF100,0,1831.3,0
AAPL,0.77,dutch 30min,0,451.05,0
AAPL,0.77,dutch 60min,0,411.92,0
AAPL,0.77,dutch 120min,0,345.49,0
AAPL,0.77,dutch 60min bmax=formula,0,698.4,0
AAPL,0.77,cap 2% of depth,0,746.86,0
AAPL,0.77,cap 5% of depth,0,1840.6,0
AAPL,0.86,UNCONSTRAINED depth (flat 5.5%),0,1850.2,0
AAPL,0.86,flat 4.4% CF50,0,750.5,0
AAPL,0.86,flat 4.4% CF100,0,1354.5,0
AAPL,0.86,flat 5.5% CF50,0,939.71,0
AAPL,0.86,flat 5.5% CF100,0,1840.4,0
AAPL,0.86,dutch 30min,0,539.05,0
AAPL,0.86,dutch 60min,0,468.24,0
AAPL,0.86,dutch 120min,0,389.37,0
AAPL,0.86,dutch 60min bmax=formula,0,674.26,0
AAPL,0.86,cap 2% of depth,0,763.84,0
AAPL,0.86,cap 5% of depth,0,1839.7,0
AAPL,0.9,UNCONSTRAINED depth (flat 5.5%),9.0766,1839,0.79322
AAPL,0.9,flat 4.4% CF50,8.0181,757.57,0.70072
AAPL,0.9,flat 4.4% CF100,8.0239,1343.7,0.70122
AAPL,0.9,flat 5.5% CF50,9.0709,960,0.79273
AAPL,0.9,flat 5.5% CF100,9.0766,1824.3,0.79322
AAPL,0.9,dutch 30min,9.0766,695.74,0.79322
AAPL,0.9,dutch 60min,9.0766,584.93,0.79322
AAPL,0.9,dutch 120min,9.0766,492.29,0.79322
AAPL,0.9,dutch 60min bmax=formula,9.1292,596.57,0.79782
AAPL,0.9,cap 2% of depth,9.0708,829.71,0.79272
AAPL,0.9,cap 5% of depth,9.0766,1824.1,0.79322
AAPL,0.93,UNCONSTRAINED depth (flat 5.5%),35.17,1814.5,1.6735
AAPL,0.93,flat 4.4% CF50,30.656,841.86,1.4944
AAPL,0.93,flat 4.4% CF100,30.988,1345.7,1.4948
AAPL,0.93,flat 5.5% CF50,34.837,1137.6,1.6726
AAPL,0.93,flat 5.5% CF100,35.164,1813.5,1.673
AAPL,0.93,dutch 30min,35.164,865.04,1.673
AAPL,0.93,dutch 60min,35.164,734.2,1.673
AAPL,0.93,dutch 120min,35.164,633.55,1.673
AAPL,0.93,dutch 60min bmax=formula,28.464,423.51,1.3897
AAPL,0.93,cap 2% of depth,34.817,1110.7,1.6711
AAPL,0.93,cap 5% of depth,35.163,1803.1,1.6729
SPY,0.77,UNCONSTRAINED depth (flat 5.5%),0,1665.1,0
SPY,0.77,flat 4.4% CF50,0,666.65,0
SPY,0.77,flat 4.4% CF100,0,1219.4,0
SPY,0.77,flat 5.5% CF50,0,832.37,0
SPY,0.77,flat 5.5% CF100,0,1656.9,0
SPY,0.77,dutch 30min,0,402.39,0
SPY,0.77,dutch 60min,0,382.52,0
SPY,0.77,dutch 120min,0,340.03,0
SPY,0.77,dutch 60min bmax=formula,0,656.91,0
SPY,0.77,cap 2% of depth,0,668.12,0
SPY,0.77,cap 5% of depth,0,1657.3,0
SPY,0.86,UNCONSTRAINED depth (flat 5.5%),0,1663.6,0
SPY,0.86,flat 4.4% CF50,0,669.74,0
SPY,0.86,flat 4.4% CF100,1.9309e-15,1219.1,1.6875e-16
SPY,0.86,flat 5.5% CF50,0,836.04,0
SPY,0.86,flat 5.5% CF100,1.9309e-15,1660.3,1.6875e-16
SPY,0.86,dutch 30min,1.9309e-15,439.08,1.6875e-16
SPY,0.86,dutch 60min,1.9309e-15,408.72,1.6875e-16
SPY,0.86,dutch 120min,1.9309e-15,362.34,1.6875e-16
SPY,0.86,dutch 60min bmax=formula,1.9309e-15,590,1.6875e-16
SPY,0.86,cap 2% of depth,0,675.89,0
SPY,0.86,cap 5% of depth,1.9309e-15,1655.8,1.6875e-16
SPY,0.9,UNCONSTRAINED depth (flat 5.5%),6.1961,1661,0.54149
SPY,0.9,flat 4.4% CF50,5.1479,676.53,0.44989
SPY,0.9,flat 4.4% CF100,5.115,1217.8,0.44701
SPY,0.9,flat 5.5% CF50,6.229,843.78,0.54437
SPY,0.9,flat 5.5% CF100,6.1961,1654.4,0.54149
SPY,0.9,dutch 30min,6.1961,493.46,0.54149
SPY,0.9,dutch 60min,6.1961,463.04,0.54149
SPY,0.9,dutch 120min,6.1961,407.18,0.54149
SPY,0.9,dutch 60min bmax=formula,6.2502,467.35,0.54622
SPY,0.9,cap 2% of depth,6.2282,697.87,0.5443
SPY,0.9,cap 5% of depth,6.1961,1653.2,0.54149
SPY,0.93,UNCONSTRAINED depth (flat 5.5%),15.692,1652.4,0.83125
SPY,0.93,flat 4.4% CF50,13.616,706.07,0.74226
SPY,0.93,flat 4.4% CF100,13.563,1214.6,0.73969
SPY,0.93,flat 5.5% CF50,15.744,933.29,0.83373
SPY,0.93,flat 5.5% CF100,15.692,1652.3,0.83125
SPY,0.93,dutch 30min,15.692,611.92,0.83125
SPY,0.93,dutch 60min,15.692,544.05,0.83125
SPY,0.93,dutch 120min,15.692,477.74,0.83125
SPY,0.93,dutch 60min bmax=formula,12.32,319.35,0.68637
SPY,0.93,cap 2% of depth,15.744,858.82,0.8338
SPY,0.93,cap 5% of depth,15.692,1644.3,0.83125
DEPLOY4 mean,0.77,UNCONSTRAINED depth (flat 5.5%),0,1829.7,0
DEPLOY4 mean,0.77,cap 2% of depth,0,750.15,0
DEPLOY4 mean,0.77,cap 5% of depth,0,1818.9,0
DEPLOY4 mean,0.77,dutch 120min,0,475.08,0
DEPLOY4 mean,0.77,dutch 30min,0,583.06,0
DEPLOY4 mean,0.77,dutch 60min,0,550.85,0
DEPLOY4 mean,0.77,dutch 60min bmax=formula,0,971.85,0
DEPLOY4 mean,0.77,flat 4.4% CF100,0,1342.7,0
DEPLOY4 mean,0.77,flat 4.4% CF50,0,735.08,0
DEPLOY4 mean,0.77,flat 5.5% CF100,0,1805.9,0
DEPLOY4 mean,0.77,flat 5.5% CF50,0,920.74,0
DEPLOY4 mean,0.86,UNCONSTRAINED depth (flat 5.5%),6.2583,1822.9,0.59073
DEPLOY4 mean,0.86,cap 2% of depth,6.4068,798.74,0.62801
DEPLOY4 mean,0.86,cap 5% of depth,6.3662,1812.4,0.59073
DEPLOY4 mean,0.86,dutch 120min,6.3662,557.52,0.59073
DEPLOY4 mean,0.86,dutch 30min,6.3662,728.04,0.59073
DEPLOY4 mean,0.86,dutch 60min,6.3662,654.38,0.59073
DEPLOY4 mean,0.86,dutch 60min bmax=formula,8.9189,950.82,0.80878
DEPLOY4 mean,0.86,flat 4.4% CF100,5.2659,1339.8,0.49842
DEPLOY4 mean,0.86,flat 4.4% CF50,5.4004,750.06,0.54058
DEPLOY4 mean,0.86,flat 5.5% CF100,6.3662,1814,0.59073
DEPLOY4 mean,0.86,flat 5.5% CF50,6.5177,940.87,0.63364
DEPLOY4 mean,0.9,UNCONSTRAINED depth (flat 5.5%),25.801,1809.9,1.4993
DEPLOY4 mean,0.9,cap 2% of depth,28.742,894.8,1.6724
DEPLOY4 mean,0.9,cap 5% of depth,27.348,1799.8,1.5431
DEPLOY4 mean,0.9,dutch 120min,27.327,624.43,1.5348
DEPLOY4 mean,0.9,dutch 30min,27.327,852.77,1.5348
DEPLOY4 mean,0.9,dutch 60min,27.327,728.6,1.5348
DEPLOY4 mean,0.9,dutch 60min bmax=formula,27.495,736.36,1.5431
DEPLOY4 mean,0.9,flat 4.4% CF100,23.96,1331.8,1.3687
DEPLOY4 mean,0.9,flat 4.4% CF50,24.567,777.6,1.3983
DEPLOY4 mean,0.9,flat 5.5% CF100,27.327,1798.1,1.5348
DEPLOY4 mean,0.9,flat 5.5% CF50,28.025,989.06,1.5684
DEPLOY4 mean,0.93,UNCONSTRAINED depth (flat 5.5%),63.539,1767.1,2.05
DEPLOY4 mean,0.93,cap 2% of depth,68.189,1150.4,2.7513
DEPLOY4 mean,0.93,cap 5% of depth,66.345,1760.1,2.4954
DEPLOY4 mean,0.93,dutch 120min,66.295,774.53,2.487
DEPLOY4 mean,0.93,dutch 30min,66.295,995.58,2.487
DEPLOY4 mean,0.93,dutch 60min,66.295,874.12,2.487
DEPLOY4 mean,0.93,dutch 60min bmax=formula,54.4,504.4,2.1601
DEPLOY4 mean,0.93,flat 4.4% CF100,58.622,1326.1,2.2503
DEPLOY4 mean,0.93,flat 4.4% CF50,59.138,870.3,2.3471
DEPLOY4 mean,0.93,flat 5.5% CF100,66.295,1768,2.487
DEPLOY4 mean,0.93,flat 5.5% CF50,66.931,1170.4,2.5965
