cluster,what,lltv,est,ci_lo,ci_hi
month,bonus 5.5%,0.86,6.366,1.453,12.92
month,bonus 2%,0.86,2.82,0.4556,5.783
month,reduction 5.5%->2%,0.86,3.546,0.7655,7.281
month,bonus 5.5%,0.93,66.3,16.36,136.4
month,bonus 2%,0.93,42.28,8.874,88.71
month,reduction 5.5%->2%,0.93,24.01,6.76,47.71
month,TSLA boosted uniform break-even APR %,0.9,1.444,0,3.873
month,TSLA boosted high break-even APR %,0.9,3.758,0,10.03
month,TSLA boosted uniform break-even APR %,0.93,1.773,5.063e-15,4.13
month,TSLA boosted high break-even APR %,0.93,4.968,1.421e-14,11.67
month,NVDA boosted uniform break-even APR %,0.9,2.479,0,5.683
month,NVDA boosted high break-even APR %,0.9,6.552,1.482e-15,15.08
month,NVDA boosted uniform break-even APR %,0.93,3.899,0.4026,8.317
month,NVDA boosted high break-even APR %,0.93,9.93,1.097,21.1
month,AAPL boosted uniform break-even APR %,0.9,0.3875,0,1.163
month,AAPL boosted high break-even APR %,0.9,1.057,0,3.172
month,AAPL boosted uniform break-even APR %,0.93,1.449,9.448e-16,3.86
month,AAPL boosted high break-even APR %,0.93,3.795,2.952e-17,10.06
month,SPY boosted uniform break-even APR %,0.9,0.429,0,1.287
month,SPY boosted high break-even APR %,0.9,1.169,0,3.506
month,SPY boosted uniform break-even APR %,0.93,0.7139,0,2.142
month,SPY boosted high break-even APR %,0.93,1.946,0,5.839
date,bonus 5.5%,0.86,6.366,1.474,12.84
date,bonus 2%,0.86,2.82,0.4985,5.87
date,reduction 5.5%->2%,0.86,3.546,0.8027,7.222
date,bonus 5.5%,0.93,66.3,21.74,120.7
date,bonus 2%,0.93,42.28,12.53,79.52
date,reduction 5.5%->2%,0.93,24.01,9.062,42.64
date,TSLA boosted uniform break-even APR %,0.9,1.444,0,3.873
date,TSLA boosted high break-even APR %,0.9,3.758,0,10.03
date,TSLA boosted uniform break-even APR %,0.93,1.773,4.057e-15,4.13
date,TSLA boosted high break-even APR %,0.93,4.968,1.418e-14,11.67
date,NVDA boosted uniform break-even APR %,0.9,2.479,0,5.683
date,NVDA boosted high break-even APR %,0.9,6.552,1.482e-15,15.08
date,NVDA boosted uniform break-even APR %,0.93,3.899,0.4026,8.317
date,NVDA boosted high break-even APR %,0.93,9.93,1.097,21.1
date,AAPL boosted uniform break-even APR %,0.9,0.3875,0,1.163
date,AAPL boosted high break-even APR %,0.9,1.057,0,3.172
date,AAPL boosted uniform break-even APR %,0.93,1.449,1.89e-15,3.387
date,AAPL boosted high break-even APR %,0.93,3.795,9.743e-16,8.921
date,SPY boosted uniform break-even APR %,0.9,0.429,0,1.287
date,SPY boosted high break-even APR %,0.9,1.169,0,3.506
date,SPY boosted uniform break-even APR %,0.93,0.7139,8.398e-16,1.787
date,SPY boosted high break-even APR %,0.93,1.946,0,4.872
