group,control,mechanism,util,flat_bad_debt_bps_yr,excess_exposure_pct_of_debt_per_window,windows_per_year,breakeven_pi_bps_per_window,note,pi_x1_bps_per_window,pi_x1_insample_exhausted_events,pi_x1_p_exhausted_10y,pi_x1_lender_loss_bps_yr,pi_x1_borrower_cost_bps_of_excess_per_year,pi_x2_bps_per_window,pi_x2_insample_exhausted_events,pi_x2_p_exhausted_10y,pi_x2_lender_loss_bps_yr,pi_x2_borrower_cost_bps_of_excess_per_year,pi_x5_bps_per_window,pi_x5_insample_exhausted_events,pi_x5_p_exhausted_10y,pi_x5_lender_loss_bps_yr,pi_x5_borrower_cost_bps_of_excess_per_year,pi_x10_bps_per_window,pi_x10_insample_exhausted_events,pi_x10_p_exhausted_10y,pi_x10_lender_loss_bps_yr,pi_x10_borrower_cost_bps_of_excess_per_year,pi_x25_bps_per_window,pi_x25_insample_exhausted_events,pi_x25_p_exhausted_10y,pi_x25_lender_loss_bps_yr,pi_x25_borrower_cost_bps_of_excess_per_year,pi_for_p_exhausted_le_5pct_bps_per_window,multiple_for_p_le_5pct
DEPLOY4,morpho_77,c_priced_premium,high,0,0.00063609,55.039,0,no bad debt in sample,,,,,,,,,,,,,,,,,,,,,,,,,,,
DEPLOY4,morpho_77,c_priced_premium,uniform,0,0.00023349,55.039,0,no bad debt in sample,,,,,,,,,,,,,,,,,,,,,,,,,,,
DEPLOY4,morpho_77,c_priced_premium,conservative,0,2.4102e-07,55.039,0,no bad debt in sample,,,,,,,,,,,,,,,,,,,,,,,,,,,
DEPLOY4,morpho_86,c_priced_premium,high,14.058,0.039423,55.039,647.9,,647.9,3,0.40375,7.4859,35660,1295.8,2,0.32812,4.8783,71320,3239.5,1,0.21063,2.1935,1.783e+05,6479,1,0.13875,1.4247,3.566e+05,16198,1,0.10063,1.0159,8.915e+05,,
DEPLOY4,morpho_86,c_priced_premium,uniform,5.1602,0.014979,55.039,625.92,,625.92,3,0.40187,2.7574,34450,1251.8,2,0.32875,1.8211,68900,3129.6,1,0.21375,0.82048,1.7225e+05,6259.2,1,0.14125,0.52885,3.445e+05,15648,1,0.10312,0.37527,8.6125e+05,,
DEPLOY4,morpho_86,c_priced_premium,conservative,0.0053268,3.9311e-05,55.039,246.19,,246.19,3,0.40563,0.0032385,13550,492.39,3,0.37312,0.0026541,27101,1231,1,0.28937,0.0014788,67752,2461.9,1,0.19562,0.0008716,1.355e+05,6154.9,1,0.12687,0.00049874,3.3876e+05,,
DEPLOY4,cf_90,c_priced_premium,high,50.43,0.15593,55.039,587.61,,587.61,6,0.73562,21.192,32342,1175.2,4,0.58562,10.614,64684,2938.1,3,0.32375,4.0128,1.6171e+05,5876.1,3,0.21188,2.3938,3.2342e+05,14690,3,0.16062,1.6817,8.0855e+05,,
DEPLOY4,cf_90,c_priced_premium,uniform,18.833,0.059674,55.039,573.42,,573.42,6,0.73625,7.9388,31561,1146.8,4,0.59437,4.025,63121,2867.1,3,0.32937,1.5285,1.578e+05,5734.2,3,0.21375,0.90927,3.1561e+05,14336,3,0.16187,0.63867,7.8902e+05,,
DEPLOY4,cf_90,c_priced_premium,conservative,0.032008,0.00018411,55.039,315.87,,315.87,5,0.73313,0.016313,17385,631.74,3,0.62375,0.011296,34770,1579.3,3,0.46313,0.0053135,86926,3158.7,3,0.31188,0.0028713,1.7385e+05,7896.7,3,0.21688,0.0017429,4.3463e+05,,
DEPLOY4,cf_93,c_priced_premium,high,107,0.39921,55.039,486.98,,486.98,10,0.7625,41.823,26803,973.95,6,0.60625,18.927,53606,2434.9,5,0.325,5.6683,1.3401e+05,4869.8,4,0.18375,2.6808,2.6803e+05,12174,2,0.1375,1.4109,6.7007e+05,,
DEPLOY4,cf_93,c_priced_premium,uniform,40.929,0.15345,55.039,484.61,,484.61,10,0.76313,16.06,26673,969.22,6,0.60875,7.279,53345,2423.1,5,0.32937,2.1839,1.3336e+05,4846.1,4,0.18812,1.0376,2.6673e+05,12115,2,0.13875,0.54736,6.6681e+05,,
DEPLOY4,cf_93,c_priced_premium,conservative,0.10667,0.00052327,55.039,370.37,,370.37,10,0.78875,0.047247,20385,740.74,7,0.66375,0.02549,40770,1851.9,5,0.4125,0.0086148,1.0192e+05,3703.7,5,0.26875,0.0047695,2.0385e+05,9259.3,4,0.1825,0.0024645,5.0962e+05,,
DEPLOY4,cf_95,c_priced_premium,high,154.5,0.69769,55.039,402.35,,402.35,9,0.77812,52.464,22145,804.71,6,0.58437,20.95,44291,2011.8,4,0.29375,5.735,1.1073e+05,4023.5,3,0.15125,2.4331,2.2145e+05,10059,2,0.074375,0.93283,5.5363e+05,,
DEPLOY4,cf_95,c_priced_premium,uniform,59.546,0.26919,55.039,401.9,,401.9,9,0.77687,20.381,22120,803.8,6,0.58625,8.185,44240,2009.5,4,0.29563,2.2589,1.106e+05,4019,3,0.155,0.95705,2.212e+05,10047,2,0.074375,0.37251,5.5301e+05,,
DEPLOY4,cf_95,c_priced_premium,conservative,0.18415,0.00098527,55.039,339.58,,339.58,9,0.79688,0.074991,18690,679.15,6,0.66563,0.038458,37380,1697.9,4,0.38125,0.012519,93450,3395.8,4,0.2375,0.0062746,1.869e+05,8489.4,3,0.13375,0.0033365,4.6725e+05,,
UNIVERSE12,morpho_77,c_priced_premium,high,0,0.00029318,55.039,0,no bad debt in sample,,,,,,,,,,,,,,,,,,,,,,,,,,,
UNIVERSE12,morpho_77,c_priced_premium,uniform,0,0.00010762,55.039,0,no bad debt in sample,,,,,,,,,,,,,,,,,,,,,,,,,,,
UNIVERSE12,morpho_77,c_priced_premium,conservative,0,1.1109e-07,55.039,0,no bad debt in sample,,,,,,,,,,,,,,,,,,,,,,,,,,,
UNIVERSE12,morpho_86,c_priced_premium,high,6.8293,0.019559,55.039,634.39,,634.39,5,0.18792,3.9964,34916,1268.8,4,0.15229,2.4084,69833,3171.9,3,0.09375,1.1787,1.7458e+05,6343.9,3,0.067292,0.94488,3.4916e+05,15860,3,0.065,0.91309,8.7291e+05,,
UNIVERSE12,morpho_86,c_priced_premium,uniform,2.5068,0.0074457,55.039,611.7,,611.7,5,0.18792,1.4665,33667,1223.4,4,0.15354,0.89031,67335,3058.5,3,0.095417,0.43971,1.6834e+05,6117,3,0.067292,0.34928,3.3667e+05,15292,3,0.065625,0.33616,8.4169e+05,,
UNIVERSE12,morpho_86,c_priced_premium,conservative,0.0025877,1.9974e-05,55.039,235.38,,235.38,5,0.18729,0.0015805,12955,470.75,5,0.17062,0.0011311,25910,1176.9,3,0.12479,0.00071985,64775,2353.8,3,0.10042,0.00050727,1.2955e+05,5884.4,3,0.075625,0.00039939,3.2387e+05,,
UNIVERSE12,cf_90,c_priced_premium,high,26.296,0.076214,55.039,626.88,,626.88,14,0.56542,13.014,34503,1253.8,12,0.46146,6.8992,69006,3134.4,11,0.30542,3.3183,1.7251e+05,6268.8,11,0.25062,2.5913,3.4503e+05,15672,11,0.21563,2.0507,8.6257e+05,,
UNIVERSE12,cf_90,c_priced_premium,uniform,9.8714,0.029202,55.039,614.19,,614.19,14,0.56688,4.8969,33804,1228.4,12,0.46313,2.6108,67609,3070.9,11,0.30667,1.2576,1.6902e+05,6141.9,11,0.255,0.9861,3.3804e+05,15355,11,0.21583,0.78547,8.4511e+05,,
UNIVERSE12,cf_90,c_priced_premium,conservative,0.018729,9.2245e-05,55.039,368.89,,368.89,13,0.565,0.010631,20303,737.77,11,0.49083,0.006694,40606,1844.4,11,0.37604,0.0035989,1.0152e+05,3688.9,11,0.31396,0.0027724,2.0303e+05,9222.1,11,0.24188,0.0023242,5.0758e+05,,
UNIVERSE12,cf_93,c_priced_premium,high,57.016,0.19444,55.039,532.76,,532.76,25,0.72937,25.935,29323,1065.5,20,0.5675,12.705,58646,2663.8,19,0.335,5.058,1.4661e+05,5327.6,16,0.24583,3.0417,2.9323e+05,13319,13,0.16146,1.591,7.3307e+05,,
UNIVERSE12,cf_93,c_priced_premium,uniform,21.828,0.074804,55.039,530.17,,530.17,25,0.72937,9.9611,29180,1060.3,20,0.56833,4.8773,58360,2650.8,19,0.33729,1.9514,1.459e+05,5301.7,16,0.24833,1.1903,2.918e+05,13254,13,0.16458,0.6339,7.295e+05,,
UNIVERSE12,cf_93,c_priced_premium,conservative,0.062063,0.00025983,55.039,433.98,,433.98,24,0.72688,0.031571,23886,867.97,21,0.58437,0.017366,47772,2169.9,18,0.39687,0.0084539,1.1943e+05,4339.8,17,0.30417,0.0061426,2.3886e+05,10850,15,0.21146,0.0045604,5.9715e+05,,
UNIVERSE12,cf_95,c_priced_premium,high,86.516,0.37092,55.039,423.78,,423.78,26,0.7525,35.347,23325,847.56,22,0.54375,15.761,46649,2118.9,17,0.28437,5.2966,1.1662e+05,4237.8,13,0.16896,2.5446,2.3325e+05,10595,6,0.090208,1.1937,5.8312e+05,,
UNIVERSE12,cf_95,c_priced_premium,uniform,33.293,0.14257,55.039,424.27,,424.27,26,0.75062,13.69,23352,848.54,22,0.54458,6.1334,46703,2121.4,17,0.28521,2.0788,1.1676e+05,4242.7,13,0.17167,1.0126,2.3352e+05,10607,6,0.091875,0.48677,5.8379e+05,,
UNIVERSE12,cf_95,c_priced_premium,conservative,0.10442,0.00049707,55.039,381.67,,381.67,26,0.74396,0.049707,21007,763.33,22,0.58042,0.025858,42013,1908.3,17,0.34229,0.011076,1.0503e+05,3816.7,15,0.23833,0.0074693,2.1007e+05,9541.7,9,0.14146,0.0050617,5.2517e+05,,
