group,control,mechanism,util,flat_bad_debt_bps_yr,breakeven_bps_per_window_on_debt,breakeven_bps_per_year_on_debt,x1_premium_bps_per_year_on_debt,x1_p_exhausted_10y,x1_seed_reserve_p95_bps_of_debt,x1_seed_reserve_p99_bps_of_debt,x2_premium_bps_per_year_on_debt,x2_p_exhausted_10y,x2_seed_reserve_p95_bps_of_debt,x2_seed_reserve_p99_bps_of_debt,x3_premium_bps_per_year_on_debt,x3_p_exhausted_10y,x3_seed_reserve_p95_bps_of_debt,x3_seed_reserve_p99_bps_of_debt,x5_premium_bps_per_year_on_debt,x5_p_exhausted_10y,x5_seed_reserve_p95_bps_of_debt,x5_seed_reserve_p99_bps_of_debt
DEPLOY4,morpho_77,c2_premium_on_all_debt,high,0,0,0,,,,,,,,,,,,,,,,
DEPLOY4,morpho_77,c2_premium_on_all_debt,uniform,0,0,0,,,,,,,,,,,,,,,,
DEPLOY4,morpho_77,c2_premium_on_all_debt,conservative,0,0,0,,,,,,,,,,,,,,,,
DEPLOY4,morpho_86,c2_premium_on_all_debt,high,14.058,0.25542,14.058,14.058,0.41625,388.64,619.05,28.116,0.3725,303.17,474.23,42.175,0.3,222.53,395.36,70.291,0.19375,129.89,261.11
DEPLOY4,morpho_86,c2_premium_on_all_debt,uniform,5.1602,0.093756,5.1602,5.1602,0.41625,142.65,227.23,10.32,0.3725,111.28,174.07,15.481,0.3,81.682,145.12,25.801,0.19375,47.679,95.845
DEPLOY4,morpho_86,c2_premium_on_all_debt,conservative,0.0053268,9.6782e-05,0.0053268,0.0053268,0.41625,0.14726,0.23456,0.010654,0.3725,0.11487,0.17969,0.01598,0.3,0.084319,0.1498,0.026634,0.19375,0.049218,0.098938
DEPLOY4,cf_90,c2_premium_on_all_debt,high,50.43,0.91625,50.43,50.43,0.55937,1028.6,1505.6,100.86,0.42938,693.98,976.34,151.29,0.32,401.79,808.07,252.15,0.18375,219.98,422.68
DEPLOY4,cf_90,c2_premium_on_all_debt,uniform,18.833,0.34218,18.833,18.833,0.55625,385.42,569.62,37.667,0.42812,258.52,376.03,56.5,0.3175,152.4,306.12,94.167,0.18375,83.393,158.9
DEPLOY4,cf_90,c2_premium_on_all_debt,conservative,0.032008,0.00058154,0.032008,0.032008,0.48688,0.80985,1.2593,0.064015,0.4,0.61801,0.91746,0.096023,0.30562,0.39444,0.8207,0.16004,0.20563,0.2713,0.46363
DEPLOY4,cf_93,c2_premium_on_all_debt,high,107,1.944,107,107,0.62313,1741.1,2514.1,214,0.45437,1060.6,1528.2,321,0.3275,574.49,1039.1,534.99,0.17062,289.12,634.23
DEPLOY4,cf_93,c2_premium_on_all_debt,uniform,40.929,0.74363,40.929,40.929,0.61875,671.38,969.3,81.857,0.4525,414.2,595.74,122.79,0.32312,224.43,407.11,204.64,0.17188,114.04,247.93
DEPLOY4,cf_93,c2_premium_on_all_debt,conservative,0.10667,0.001938,0.10667,0.10667,0.56625,2.1047,3.0275,0.21333,0.4275,1.447,2.1161,0.32,0.32,0.83629,1.6402,0.53334,0.17875,0.43238,0.8854
DEPLOY4,cf_95,c2_premium_on_all_debt,high,154.5,2.8072,154.5,154.5,0.655,2243.2,3249.3,309.01,0.465,1200.4,1768.5,463.51,0.31875,605.2,1116.4,772.52,0.17438,315.15,740.92
DEPLOY4,cf_95,c2_premium_on_all_debt,uniform,59.546,1.0819,59.546,59.546,0.64938,874.91,1263.8,119.09,0.46563,475.59,699.53,178.64,0.32375,243.83,454.37,297.73,0.17313,123.91,291.38
DEPLOY4,cf_95,c2_premium_on_all_debt,conservative,0.18415,0.0033458,0.18415,0.18415,0.575,3.5482,5.1964,0.3683,0.42688,2.3216,3.292,0.55244,0.31312,1.3267,2.6665,0.92074,0.17062,0.78848,1.2408
UNIVERSE12,morpho_77,c2_premium_on_all_debt,high,0,0,0,,,,,,,,,,,,,,,,
UNIVERSE12,morpho_77,c2_premium_on_all_debt,uniform,0,0,0,,,,,,,,,,,,,,,,
UNIVERSE12,morpho_77,c2_premium_on_all_debt,conservative,0,0,0,,,,,,,,,,,,,,,,
UNIVERSE12,morpho_86,c2_premium_on_all_debt,high,6.8293,0.12408,6.8293,6.8293,0.20583,392.34,624.41,13.659,0.2,340.71,568.34,20.488,0.18854,288.6,507.89,34.146,0.15917,195.78,403.17
UNIVERSE12,morpho_86,c2_premium_on_all_debt,uniform,2.5068,0.045545,2.5068,2.5068,0.20583,144.01,229.2,5.0135,0.2,125.06,208.62,7.5203,0.18854,105.93,186.43,12.534,0.15917,71.865,147.99
UNIVERSE12,morpho_86,c2_premium_on_all_debt,conservative,0.0025877,4.7015e-05,0.0025877,0.0025877,0.20583,0.14866,0.2366,0.0051753,0.2,0.1291,0.21535,0.007763,0.18854,0.10935,0.19244,0.012938,0.15917,0.074185,0.15276
UNIVERSE12,cf_90,c2_premium_on_all_debt,high,26.296,0.47777,26.296,26.296,0.42875,927.54,1501.2,52.592,0.33167,745.1,1312.4,78.888,0.26354,595.07,1119.9,131.48,0.18021,342.52,812.84
UNIVERSE12,cf_90,c2_premium_on_all_debt,uniform,9.8714,0.17935,9.8714,9.8714,0.42688,356.95,572.84,19.743,0.32833,285.54,502.96,29.614,0.26292,226.9,422.05,49.357,0.18021,133.81,311.8
UNIVERSE12,cf_90,c2_premium_on_all_debt,conservative,0.018729,0.00034028,0.018729,0.018729,0.33604,0.83198,1.6077,0.037457,0.26083,0.71142,1.4666,0.056186,0.22583,0.61287,1.2768,0.093644,0.16417,0.39092,1.014
UNIVERSE12,cf_93,c2_premium_on_all_debt,high,57.016,1.0359,57.016,57.016,0.52812,1678.5,2599.7,114.03,0.37729,1221.3,2010.2,171.05,0.28854,886.87,1612.2,285.08,0.1825,426.59,1029.2
UNIVERSE12,cf_93,c2_premium_on_all_debt,uniform,21.828,0.39659,21.828,21.828,0.52083,646.38,1027.9,43.656,0.37542,475.61,804.18,65.483,0.28687,350.16,636.88,109.14,0.18125,173.8,406.91
UNIVERSE12,cf_93,c2_premium_on_all_debt,conservative,0.062063,0.0011276,0.062063,0.062063,0.395,2.2697,3.9639,0.12413,0.30979,1.8229,4.1003,0.18619,0.25417,1.5145,3.3971,0.31032,0.17,0.86792,2.3398
UNIVERSE12,cf_95,c2_premium_on_all_debt,high,86.516,1.5719,86.516,86.516,0.58792,2141.3,3280.4,173.03,0.40625,1446.3,2506.6,259.55,0.30562,961.24,1811.1,432.58,0.18125,448.3,1025
UNIVERSE12,cf_95,c2_premium_on_all_debt,uniform,33.293,0.6049,33.293,33.293,0.57917,843.65,1281,66.587,0.40229,576.8,996.2,99.88,0.30438,387.91,731.97,166.47,0.18083,181.11,428.49
UNIVERSE12,cf_95,c2_premium_on_all_debt,conservative,0.10442,0.0018971,0.10442,0.10442,0.44646,3.9272,6.5053,0.20883,0.33417,2.9948,5.5605,0.31325,0.26292,2.2293,4.6727,0.52209,0.17438,1.2036,3.0521
