group,control,mechanism,param,control_bps_yr,treat_bps_yr
DEPLOY4,morpho_77,a_new_borrows_only,turnover=0.0,0,0
DEPLOY4,morpho_77,a_new_borrows_only,turnover=0.05,0,0
DEPLOY4,morpho_86,a_new_borrows_only,turnover=0.0,5.1602,5.1602
DEPLOY4,morpho_86,a_new_borrows_only,turnover=0.05,5.1602,3.983
DEPLOY4,cf_90,a_new_borrows_only,turnover=0.0,18.833,18.833
DEPLOY4,cf_90,a_new_borrows_only,turnover=0.05,18.833,18.444
DEPLOY4,cf_93,a_new_borrows_only,turnover=0.0,40.929,40.929
DEPLOY4,cf_93,a_new_borrows_only,turnover=0.05,40.929,38.029
DEPLOY4,cf_95,a_new_borrows_only,turnover=0.0,59.546,59.546
DEPLOY4,cf_95,a_new_borrows_only,turnover=0.05,59.546,56.857
UNIVERSE12,morpho_77,a_new_borrows_only,turnover=0.0,0,0
UNIVERSE12,morpho_77,a_new_borrows_only,turnover=0.05,0,0
UNIVERSE12,morpho_86,a_new_borrows_only,turnover=0.0,2.5068,2.5068
UNIVERSE12,morpho_86,a_new_borrows_only,turnover=0.05,2.5068,2.1144
UNIVERSE12,cf_90,a_new_borrows_only,turnover=0.0,9.8714,9.8714
UNIVERSE12,cf_90,a_new_borrows_only,turnover=0.05,9.8714,9.7206
UNIVERSE12,cf_93,a_new_borrows_only,turnover=0.0,21.828,21.828
UNIVERSE12,cf_93,a_new_borrows_only,turnover=0.05,21.828,20.709
UNIVERSE12,cf_95,a_new_borrows_only,turnover=0.0,33.293,33.293
UNIVERSE12,cf_95,a_new_borrows_only,turnover=0.05,33.293,31.937
