group,control,mechanism,util,enforcement_fail,control_bps_yr,treat_bps_yr,windows_with_flagged_pct,flagged_borrowers_per_100_per_window,forced_borrowers_per_100_per_window,forced_per_100_in_windows_with_flags,deleveraged_debt_pct_per_window,borrower_cost_bps_of_debt_per_year,forced_cost_bps_per_forced_borrower
DEPLOY4,morpho_77,b_hard_deleveraging,high,0,0,0,0.2079,0.04603,0.013809,6.6421,0.00063609,0.021006,200
DEPLOY4,morpho_77,b_hard_deleveraging,uniform,0,0,0,0.2079,0.010395,0.0031185,1.5,0.00023349,0.0077105,200
DEPLOY4,morpho_77,b_hard_deleveraging,conservative,0,0,0,0.2079,4.7143e-06,1.4143e-06,0.00068027,2.4102e-07,7.9594e-06,200
DEPLOY4,morpho_77,b_hard_deleveraging,uniform,0.1,0,0,0.2079,0.010395,0.0031185,1.5,0.00023349,0.0077105,200
DEPLOY4,morpho_77,b_hard_deleveraging,uniform,0.3,0,0,0.2079,0.010395,0.0031185,1.5,0.00023349,0.0077105,200
DEPLOY4,morpho_86,b_hard_deleveraging,high,0,14.058,10.851,4.262,1.1238,0.33713,7.9103,0.039423,1.3019,200
DEPLOY4,morpho_86,b_hard_deleveraging,uniform,0,5.1602,3.983,4.262,0.26507,0.079522,1.8659,0.014979,0.49466,200
DEPLOY4,morpho_86,b_hard_deleveraging,conservative,0,0.0053268,0.0041116,4.262,0.00037479,0.00011244,0.0026381,3.9311e-05,0.0012982,200
DEPLOY4,morpho_86,b_hard_deleveraging,uniform,0.1,5.1602,3.983,4.262,0.26507,0.079522,1.8659,0.014979,0.49466,200
DEPLOY4,morpho_86,b_hard_deleveraging,uniform,0.3,5.1602,3.983,4.262,0.26507,0.079522,1.8659,0.014979,0.49466,200
DEPLOY4,cf_90,b_hard_deleveraging,high,0,50.43,31.561,15.177,4.0832,1.225,8.0713,0.15593,5.1493,200
DEPLOY4,cf_90,b_hard_deleveraging,uniform,0,18.833,11.894,15.177,0.96674,0.29002,1.911,0.059674,1.9706,200
DEPLOY4,cf_90,b_hard_deleveraging,conservative,0,0.032008,0.024835,15.177,0.0014768,0.00044303,0.0029191,0.00018411,0.0060799,200
DEPLOY4,cf_90,b_hard_deleveraging,uniform,0.1,18.833,12.053,15.177,0.96674,0.29002,1.911,0.059674,1.9706,200
DEPLOY4,cf_90,b_hard_deleveraging,uniform,0.3,18.833,13.408,15.177,0.96674,0.29002,1.911,0.059674,1.9706,200
DEPLOY4,cf_93,b_hard_deleveraging,high,0,107,52.097,34.148,9.4785,2.8436,8.3272,0.39921,13.183,200
DEPLOY4,cf_93,b_hard_deleveraging,uniform,0,40.929,20.049,34.148,2.2635,0.67905,1.9886,0.15345,5.0674,200
DEPLOY4,cf_93,b_hard_deleveraging,conservative,0,0.10667,0.058906,34.148,0.0040166,0.001205,0.0035287,0.00052327,0.01728,200
DEPLOY4,cf_93,b_hard_deleveraging,uniform,0.1,40.929,21.311,34.148,2.2635,0.67905,1.9886,0.15345,5.0674,200
DEPLOY4,cf_93,b_hard_deleveraging,uniform,0.3,40.929,23.694,34.148,2.2635,0.67905,1.9886,0.15345,5.0674,200
DEPLOY4,cf_95,b_hard_deleveraging,high,0,154.5,57.925,58.368,16.473,4.9418,8.4667,0.69769,23.04,200
DEPLOY4,cf_95,b_hard_deleveraging,uniform,0,59.546,22.814,58.368,3.9475,1.1843,2.0289,0.26919,8.8897,200
DEPLOY4,cf_95,b_hard_deleveraging,conservative,0,0.18415,0.10077,58.368,0.0074274,0.0022282,0.0038175,0.00098527,0.032537,200
DEPLOY4,cf_95,b_hard_deleveraging,uniform,0.1,59.546,24.635,58.368,3.9475,1.1843,2.0289,0.26919,8.8897,200
DEPLOY4,cf_95,b_hard_deleveraging,uniform,0.3,59.546,29.384,58.368,3.9475,1.1843,2.0289,0.26919,8.8897,200
UNIVERSE12,morpho_77,b_hard_deleveraging,high,0,0,0,0.10395,0.023015,0.0069044,6.6421,0.00029318,0.0096819,200
UNIVERSE12,morpho_77,b_hard_deleveraging,uniform,0,0,0,0.10395,0.0051975,0.0015593,1.5,0.00010762,0.0035539,200
UNIVERSE12,morpho_77,b_hard_deleveraging,conservative,0,0,0,0.10395,2.3571e-06,7.0714e-07,0.00068027,1.1109e-07,3.6686e-06,200
UNIVERSE12,morpho_77,b_hard_deleveraging,uniform,0.1,0,0,0.10395,0.0051975,0.0015593,1.5,0.00010762,0.0035539,200
UNIVERSE12,morpho_77,b_hard_deleveraging,uniform,0.3,0,0,0.10395,0.0051975,0.0015593,1.5,0.00010762,0.0035539,200
UNIVERSE12,morpho_86,b_hard_deleveraging,high,0,6.8293,5.7602,2.0617,0.54342,0.16303,7.9074,0.019559,0.6459,200
UNIVERSE12,morpho_86,b_hard_deleveraging,uniform,0,2.5068,2.1144,2.0617,0.12821,0.038462,1.8655,0.0074457,0.24588,200
UNIVERSE12,morpho_86,b_hard_deleveraging,conservative,0,0.0025877,0.0021826,2.0617,0.00018268,5.4804e-05,0.0026582,1.9974e-05,0.00065963,200
UNIVERSE12,morpho_86,b_hard_deleveraging,uniform,0.1,2.5068,2.1144,2.0617,0.12821,0.038462,1.8655,0.0074457,0.24588,200
UNIVERSE12,morpho_86,b_hard_deleveraging,uniform,0.3,2.5068,2.1144,2.0617,0.12821,0.038462,1.8655,0.0074457,0.24588,200
UNIVERSE12,cf_90,b_hard_deleveraging,high,0,26.296,18.885,7.2245,1.957,0.5871,8.1265,0.076214,2.5169,200
UNIVERSE12,cf_90,b_hard_deleveraging,uniform,0,9.8714,7.1391,7.2245,0.46431,0.13929,1.9281,0.029202,0.96435,200
UNIVERSE12,cf_90,b_hard_deleveraging,conservative,0,0.018729,0.0159,7.2245,0.00073818,0.00022145,0.0030653,9.2245e-05,0.0030463,200
UNIVERSE12,cf_90,b_hard_deleveraging,uniform,0.1,9.8714,7.2343,7.2245,0.46431,0.13929,1.9281,0.029202,0.96435,200
UNIVERSE12,cf_90,b_hard_deleveraging,uniform,0.3,9.8714,7.7697,7.2245,0.46431,0.13929,1.9281,0.029202,0.96435,200
UNIVERSE12,cf_93,b_hard_deleveraging,high,0,57.016,31.133,17.723,4.8622,1.4587,8.2302,0.19444,6.4212,200
UNIVERSE12,cf_93,b_hard_deleveraging,uniform,0,21.828,12.032,17.723,1.1582,0.34745,1.9604,0.074804,2.4703,200
UNIVERSE12,cf_93,b_hard_deleveraging,conservative,0,0.062063,0.042014,17.723,0.0019969,0.00059907,0.0033801,0.00025983,0.0085805,200
UNIVERSE12,cf_93,b_hard_deleveraging,uniform,0.1,21.828,12.62,17.723,1.1582,0.34745,1.9604,0.074804,2.4703,200
UNIVERSE12,cf_93,b_hard_deleveraging,uniform,0.3,21.828,13.977,17.723,1.1582,0.34745,1.9604,0.074804,2.4703,200
UNIVERSE12,cf_95,b_hard_deleveraging,high,0,86.516,39.439,41.857,10.97,3.2911,7.8626,0.37092,12.249,200
UNIVERSE12,cf_95,b_hard_deleveraging,uniform,0,33.293,15.438,41.857,2.5875,0.77625,1.8545,0.14257,4.7083,200
UNIVERSE12,cf_95,b_hard_deleveraging,conservative,0,0.10442,0.066443,41.857,0.0039431,0.0011829,0.0028261,0.00049707,0.016415,200
UNIVERSE12,cf_95,b_hard_deleveraging,uniform,0.1,33.293,16.51,41.857,2.5875,0.77625,1.8545,0.14257,4.7083,200
UNIVERSE12,cf_95,b_hard_deleveraging,uniform,0.3,33.293,18.844,41.857,2.5875,0.77625,1.8545,0.14257,4.7083,200
