control,kind,ticker,windows,flat_bps_yr,stress_bps_yr,reduction_bps_yr,reduction_pct,windows_with_bad_debt_flat,windows_with_bad_debt_stress,worst_window_loss_pct_flat,worst_window_loss_pct_stress,windows_cap_binds,share_of_pooled_reduction_pct,share_of_pooled_flat_bad_debt_pct
morpho_38.5,in_the_wild,AAPL,481,0,0,0,,0,0,0,0,0,,
morpho_38.5,in_the_wild,AMZN,481,0,0,0,,0,0,0,0,0,,
morpho_38.5,in_the_wild,GOOGL,481,0,0,0,,0,0,0,0,0,,
morpho_38.5,in_the_wild,JPM,481,0,0,0,,0,0,0,0,0,,
morpho_38.5,in_the_wild,META,481,0,0,0,,0,0,0,0,0,,
morpho_38.5,in_the_wild,MSFT,481,0,0,0,,0,0,0,0,0,,
morpho_38.5,in_the_wild,NVDA,481,0,0,0,,0,0,0,0,0,,
morpho_38.5,in_the_wild,QQQ,481,0,0,0,,0,0,0,0,0,,
morpho_38.5,in_the_wild,SPY,481,0,0,0,,0,0,0,0,0,,
morpho_38.5,in_the_wild,TSLA,481,0,0,0,,0,0,0,0,0,,
morpho_38.5,in_the_wild,WMT,481,0,0,0,,0,0,0,0,0,,
morpho_38.5,in_the_wild,XOM,481,0,0,0,,0,0,0,0,0,,
morpho_62.5,in_the_wild,AAPL,481,0,0,0,,0,0,0,0,0,,
morpho_62.5,in_the_wild,AMZN,481,0,0,0,,0,0,0,0,0,,
morpho_62.5,in_the_wild,GOOGL,481,0,0,0,,0,0,0,0,0,,
morpho_62.5,in_the_wild,JPM,481,0,0,0,,0,0,0,0,0,,
morpho_62.5,in_the_wild,META,481,0,0,0,,0,0,0,0,0,,
morpho_62.5,in_the_wild,MSFT,481,0,0,0,,0,0,0,0,0,,
morpho_62.5,in_the_wild,NVDA,481,0,0,0,,0,0,0,0,0,,
morpho_62.5,in_the_wild,QQQ,481,0,0,0,,0,0,0,0,0,,
morpho_62.5,in_the_wild,SPY,481,0,0,0,,0,0,0,0,0,,
morpho_62.5,in_the_wild,TSLA,481,0,0,0,,0,0,0,0,0,,
morpho_62.5,in_the_wild,WMT,481,0,0,0,,0,0,0,0,0,,
morpho_62.5,in_the_wild,XOM,481,0,0,0,,0,0,0,0,0,,
morpho_77,in_the_wild,AAPL,481,0,0,0,,0,0,0,0,0,,0
morpho_77,in_the_wild,AMZN,481,0,0,0,,0,0,0,0,0,,0
morpho_77,in_the_wild,GOOGL,481,0,0,0,,0,0,0,0,0,,0
morpho_77,in_the_wild,JPM,481,0.93916,0.93916,0,0,1,1,0.082075,0.082075,2,,100
morpho_77,in_the_wild,META,481,0,0,0,,0,0,0,0,0,,0
morpho_77,in_the_wild,MSFT,481,0,0,0,,0,0,0,0,0,,0
morpho_77,in_the_wild,NVDA,481,0,0,0,,0,0,0,0,0,,0
morpho_77,in_the_wild,QQQ,481,0,0,0,,0,0,0,0,0,,0
morpho_77,in_the_wild,SPY,481,0,0,0,,0,0,0,0,0,,0
morpho_77,in_the_wild,TSLA,481,0,0,0,,0,0,0,0,4,,0
morpho_77,in_the_wild,WMT,481,0,0,0,,0,0,0,0,0,,0
morpho_77,in_the_wild,XOM,481,0,0,0,,0,0,0,0,0,,0
morpho_86,in_the_wild,AAPL,481,3.3124,3.3124,0,0,1,1,0.28948,0.28948,8,0,6.1934
morpho_86,in_the_wild,AMZN,481,0,0,0,,0,0,0,0,0,0,0
morpho_86,in_the_wild,GOOGL,481,0.044412,0.044412,0,0,1,1,0.0038812,0.0038812,2,0,0.083039
morpho_86,in_the_wild,JPM,481,13.941,13.941,0,0,2,2,1.1738,1.1738,15,0,26.067
morpho_86,in_the_wild,META,481,0.38571,0.38571,0,0,1,1,0.033708,0.033708,2,0,0.72118
morpho_86,in_the_wild,MSFT,481,1.9737,1.9737,0,0,1,1,0.17248,0.17248,6,0,3.6902
morpho_86,in_the_wild,NVDA,481,14.949,13.24,1.7088,11.431,4,4,0.48001,0.48001,31,24.445,27.95
morpho_86,in_the_wild,QQQ,481,0,0,0,,0,0,0,0,1,0,0
morpho_86,in_the_wild,SPY,481,0.26576,0.26576,0,0,1,1,0.023225,0.023225,2,0,0.4969
morpho_86,in_the_wild,TSLA,481,15.807,10.525,5.2818,33.414,4,3,0.51428,0.51428,41,75.555,29.556
morpho_86,in_the_wild,WMT,481,0,0,0,,0,0,0,0,0,0,0
morpho_86,in_the_wild,XOM,481,2.8039,2.8039,0,0,1,1,0.24504,0.24504,11,0,5.2426
cf_90,counterfactual,AAPL,481,12.456,8.9853,3.4704,27.862,3,3,0.70253,0.39925,28,9.1613,8.2539
cf_90,counterfactual,AMZN,481,2.0664,2.0664,0,0,2,2,0.096194,0.096194,13,0,1.3693
cf_90,counterfactual,GOOGL,481,3.582,3.4615,0.1205,3.3641,1,1,0.31304,0.30251,12,0.3181,2.3737
cf_90,counterfactual,JPM,481,25.704,21.734,3.9696,15.444,2,2,1.8939,1.547,32,10.479,17.033
cf_90,counterfactual,META,481,4.2884,4.2884,0,0,2,2,0.3419,0.3419,12,0,2.8418
cf_90,counterfactual,MSFT,481,5.4486,4.5157,0.93295,17.123,1,1,0.47617,0.39463,15,2.4628,3.6106
cf_90,counterfactual,NVDA,481,40.364,33.428,6.9361,17.184,8,6,1.0675,1.0675,88,18.31,26.748
cf_90,counterfactual,QQQ,481,2.6318,2.6318,0,0,1,1,0.23,0.23,10,0,1.744
cf_90,counterfactual,SPY,481,4.0701,4.0701,0,0,2,2,0.33176,0.33176,12,0,2.6971
cf_90,counterfactual,TSLA,481,39.313,19.847,19.466,49.515,6,4,1.1007,0.84725,164,51.387,26.051
cf_90,counterfactual,WMT,481,0.94176,0.94176,0,0,2,2,0.059913,0.059913,1,0,0.62407
cf_90,counterfactual,XOM,481,10.041,7.0549,2.9858,29.737,2,1,0.61654,0.61654,30,7.882,6.6536
cf_93,counterfactual,AAPL,481,24.204,13.073,11.131,45.988,6,5,1.1185,0.44532,79,9.3281,8.4127
cf_93,counterfactual,AMZN,481,9.3238,5.9069,3.4169,36.647,4,4,0.31566,0.31566,70,2.8635,3.2407
cf_93,counterfactual,GOOGL,481,10.858,7.2349,3.6229,33.367,3,3,0.57873,0.26212,36,3.0361,3.7739
cf_93,counterfactual,JPM,481,35.899,26.67,9.2285,25.707,2,2,2.4817,1.6752,54,7.7338,12.477
cf_93,counterfactual,META,481,11.709,8.9749,2.7336,23.347,3,3,0.6351,0.39621,56,2.2908,4.0696
cf_93,counterfactual,MSFT,481,13.24,7.4338,5.8064,43.854,3,3,0.89738,0.51293,32,4.866,4.602
cf_93,counterfactual,NVDA,481,72.818,47.955,24.862,34.143,10,8,1.4982,1.4155,204,20.836,25.309
cf_93,counterfactual,QQQ,481,7.788,4.4016,3.3864,43.482,3,3,0.44635,0.19897,26,2.8379,2.7069
cf_93,counterfactual,SPY,481,9.845,6.4402,3.4047,34.584,2,2,0.61529,0.31774,22,2.8533,3.4219
cf_93,counterfactual,TSLA,481,67.922,22.46,45.462,66.932,10,4,1.5468,0.91965,352,38.099,23.608
cf_93,counterfactual,WMT,481,5.9936,5.9936,0,0,2,2,0.28022,0.28022,15,0,2.0832
cf_93,counterfactual,XOM,481,18.109,11.838,6.2719,34.633,3,1,1.0345,1.0345,77,5.2561,6.2944
cf_95,counterfactual,AAPL,481,38.282,16.647,21.635,56.515,7,6,1.3812,0.68776,199,9.2497,8.6737
cf_95,counterfactual,AMZN,481,19.637,9.6198,10.017,51.011,8,7,0.45427,0.45427,231,4.2825,4.4491
cf_95,counterfactual,GOOGL,481,18.962,11.149,7.8127,41.202,9,8,0.84957,0.31036,197,3.3402,4.2962
cf_95,counterfactual,JPM,481,43.232,29.345,13.888,32.123,2,2,2.8529,1.679,141,5.9373,9.7953
cf_95,counterfactual,META,481,20.36,13.249,7.1117,34.929,7,5,0.9051,0.47185,238,3.0405,4.6131
cf_95,counterfactual,MSFT,481,22.009,10.8,11.209,50.928,6,4,1.1634,0.48533,125,4.792,4.9866
cf_95,counterfactual,NVDA,481,105.86,51.096,54.764,51.733,19,7,1.8843,1.6061,406,23.413,23.985
cf_95,counterfactual,QQQ,481,14.526,7.1069,7.4189,51.074,5,4,0.6898,0.23984,97,3.1718,3.2912
cf_95,counterfactual,SPY,481,15.029,9.205,5.824,38.752,3,3,0.88558,0.3831,63,2.4899,3.4052
cf_95,counterfactual,TSLA,481,104.54,22.823,81.721,78.169,29,5,1.9321,0.93088,455,34.938,23.687
cf_95,counterfactual,WMT,481,9.1843,9.1843,0,0,2,2,0.41937,0.41937,51,0,2.0809
cf_95,counterfactual,XOM,481,29.734,17.233,12.501,42.043,9,4,1.2985,1.2361,213,5.3445,6.7369
