ticker,cls,q,n,loss_bps,ci_lo,ci_hi
AAPL,Long,0.99,115,559.44,254.98,597
AAPL,Short,0.99,41,282.99,147.43,282.99
AAPL,Weekend,0.99,758,358.66,257.96,915.29
AMZN,Long,0.99,115,294.28,207.48,467.95
AMZN,Short,0.99,41,326.11,53.78,326.11
AMZN,Weekend,0.99,758,374.83,258.71,692.69
GOOGL,Long,0.99,115,280.57,212.18,361.96
GOOGL,Short,0.99,41,171.42,95.62,171.42
GOOGL,Weekend,0.99,758,394.37,263.75,698.16
JPM,Long,0.99,115,320.08,250.37,448.85
JPM,Short,0.99,41,292.94,118.63,292.94
JPM,Weekend,0.99,758,310.64,230.19,701.73
META,Long,0.99,97,523.97,262.35,523.97
META,Short,0.99,39,302.51,87.16,302.51
META,Weekend,0.99,653,446.36,287.75,783.59
MSFT,Long,0.99,115,368.43,189.67,506.63
MSFT,Short,0.99,41,251.95,105.91,251.95
MSFT,Weekend,0.99,758,316.43,209.37,627.6
NVDA,Long,0.99,115,333.23,260.1,729.48
NVDA,Short,0.99,41,367.57,145.45,367.57
NVDA,Weekend,0.99,758,754.06,453.19,1256.14
QQQ,Long,0.99,115,235.48,158.35,408.84
QQQ,Short,0.99,41,214.26,73.83,214.26
QQQ,Weekend,0.99,758,319.77,188.34,724.6
SPY,Long,0.99,115,172.54,126.7,297.99
SPY,Short,0.99,41,161.52,86.9,161.52
SPY,Weekend,0.99,758,258.57,156.02,536.83
TSLA,Long,0.99,111,790.89,394.76,1613.16
TSLA,Short,0.99,41,836.3,149.23,836.3
TSLA,Weekend,0.99,737,555.46,422.62,1292.51
WMT,Long,0.99,115,350.17,109.63,772.55
WMT,Short,0.99,41,163.43,53.85,163.43
WMT,Weekend,0.99,758,164.22,121.54,361.05
XOM,Long,0.99,115,214.67,139.17,281.15
XOM,Short,0.99,41,477.51,181.67,477.51
XOM,Weekend,0.99,758,385.92,253.36,601.983
