case,ticker,tier_lltv_pct,borrowers,A_flat_tier,B_naive,B_rational,C_flat_weekend_cap,naive_fee_pct_debt_yr,rule_binds
"base (full sample, v3 depth, fee 2%, bonus 4%)",AAPL,90,uniform,6.3656,2.8913,3.582,3.6057,1.1804,True
"2018+ windows, shipped full-sample gapVaR (in-sample cap)",AAPL,90,uniform,7.6381,5.5308,6.852,6.8973,1.1796,True
"2018+ windows, pre-2018 gapVaR (out-of-sample cap)",AAPL,90,uniform,7.6381,7.6381,7.6381,7.6381,0,False
constant-product depth on DexScreener TVL (M2.2 model),AAPL,90,uniform,6.3656,2.8913,3.582,3.6057,1.1804,True
market 4x the collateral cap,AAPL,90,uniform,6.3656,2.8913,3.582,3.6057,1.1804,True
market 0.25x the collateral cap,AAPL,90,uniform,6.3656,2.8913,3.582,3.6057,1.1804,True
bonus 3%,AAPL,90,uniform,5.3208,2.4354,3.0672,3.0874,1.1804,True
bonus 5.5%,AAPL,90,uniform,7.8956,3.559,4.336,4.3647,1.1804,True
deleverage fee 3.0%,AAPL,90,uniform,6.3656,2.8474,3.582,3.6057,1.9559,True
deleverage fee 5.5%,AAPL,90,uniform,6.3656,2.6818,3.582,3.6057,4.8569,True
"base (full sample, v3 depth, fee 2%, bonus 4%)",AAPL,90,high,17.342,8.0602,9.7703,9.8232,3.2157,True
"2018+ windows, shipped full-sample gapVaR (in-sample cap)",AAPL,90,high,20.809,15.418,18.689,18.791,3.2136,True
"2018+ windows, pre-2018 gapVaR (out-of-sample cap)",AAPL,90,high,20.809,20.809,20.809,20.809,0,False
constant-product depth on DexScreener TVL (M2.2 model),AAPL,90,high,17.342,8.0602,9.7703,9.8232,3.2157,True
market 4x the collateral cap,AAPL,90,high,17.342,8.0602,9.7703,9.8232,3.2157,True
market 0.25x the collateral cap,AAPL,90,high,17.342,8.0602,9.7703,9.8232,3.2157,True
bonus 3%,AAPL,90,high,14.496,6.7892,8.3659,8.4112,3.2157,True
bonus 5.5%,AAPL,90,high,21.51,9.9214,11.827,11.891,3.2157,True
deleverage fee 3.0%,AAPL,90,high,17.342,7.9573,9.7703,9.8232,5.3285,True
deleverage fee 5.5%,AAPL,90,high,17.342,7.5652,9.7703,9.8232,13.232,True
"base (full sample, v3 depth, fee 2%, bonus 4%)",AAPL,93,uniform,19.545,4.802,6.3409,3.6057,4.3377,True
"2018+ windows, shipped full-sample gapVaR (in-sample cap)",AAPL,93,uniform,29.478,9.1856,12.129,6.8973,4.3383,True
"2018+ windows, pre-2018 gapVaR (out-of-sample cap)",AAPL,93,uniform,29.478,29.478,29.478,29.478,0.14793,True
constant-product depth on DexScreener TVL (M2.2 model),AAPL,93,uniform,19.545,4.802,6.3409,3.6057,4.3377,True
market 4x the collateral cap,AAPL,93,uniform,19.545,4.802,6.3409,3.6057,4.3377,True
market 0.25x the collateral cap,AAPL,93,uniform,19.545,4.802,6.3409,3.6057,4.3377,True
bonus 3%,AAPL,93,uniform,16.996,3.9945,5.3413,3.0874,4.3377,True
bonus 5.5%,AAPL,93,uniform,23.277,5.9846,7.8047,4.3647,4.3377,True
deleverage fee 3.0%,AAPL,93,uniform,19.545,4.6525,6.3409,3.6057,7.2118,True
deleverage fee 5.5%,AAPL,93,uniform,19.545,4.0799,6.3409,3.6057,18.223,True
"base (full sample, v3 depth, fee 2%, bonus 4%)",AAPL,93,high,51.804,12.605,15.931,9.8232,11.817,True
"2018+ windows, shipped full-sample gapVaR (in-sample cap)",AAPL,93,high,77.549,24.111,30.473,18.791,11.819,True
"2018+ windows, pre-2018 gapVaR (out-of-sample cap)",AAPL,93,high,77.549,77.549,77.549,77.549,0.403,True
constant-product depth on DexScreener TVL (M2.2 model),AAPL,93,high,51.804,12.605,15.931,9.8232,11.817,True
market 4x the collateral cap,AAPL,93,high,51.804,12.605,15.931,9.8232,11.817,True
market 0.25x the collateral cap,AAPL,93,high,51.804,12.605,15.931,9.8232,11.817,True
bonus 3%,AAPL,93,high,45.111,10.495,13.444,8.4112,11.817,True
bonus 5.5%,AAPL,93,high,61.605,15.693,19.572,11.891,11.817,True
deleverage fee 3.0%,AAPL,93,high,51.804,12.274,15.931,9.8232,19.647,True
deleverage fee 5.5%,AAPL,93,high,51.804,10.942,15.931,9.8232,49.647,True
"base (full sample, v3 depth, fee 2%, bonus 4%)",SPY,90,uniform,2.465,2.465,2.465,2.465,0,False
"2018+ windows, shipped full-sample gapVaR (in-sample cap)",SPY,90,uniform,4.7152,4.7152,4.7152,4.7152,0,False
"2018+ windows, pre-2018 gapVaR (out-of-sample cap)",SPY,90,uniform,4.7152,4.7152,4.7152,4.7152,0,False
constant-product depth on DexScreener TVL (M2.2 model),SPY,90,uniform,2.465,2.465,2.465,2.465,0,False
market 4x the collateral cap,SPY,90,uniform,2.465,2.465,2.465,2.465,0,False
market 0.25x the collateral cap,SPY,90,uniform,2.465,2.465,2.465,2.465,0,False
bonus 3%,SPY,90,uniform,1.9356,1.9356,1.9356,1.9356,0,False
bonus 5.5%,SPY,90,uniform,3.2402,3.2402,3.2402,3.2402,0,False
deleverage fee 3.0%,SPY,90,uniform,2.465,2.465,2.465,2.465,0,False
deleverage fee 5.5%,SPY,90,uniform,2.465,2.465,2.465,2.465,0,False
"base (full sample, v3 depth, fee 2%, bonus 4%)",SPY,90,high,6.7154,6.7154,6.7154,6.7154,0,False
"2018+ windows, shipped full-sample gapVaR (in-sample cap)",SPY,90,high,12.846,12.846,12.846,12.846,0,False
"2018+ windows, pre-2018 gapVaR (out-of-sample cap)",SPY,90,high,12.846,12.846,12.846,12.846,0,False
constant-product depth on DexScreener TVL (M2.2 model),SPY,90,high,6.7154,6.7154,6.7154,6.7154,0,False
market 4x the collateral cap,SPY,90,high,6.7154,6.7154,6.7154,6.7154,0,False
market 0.25x the collateral cap,SPY,90,high,6.7154,6.7154,6.7154,6.7154,0,False
bonus 3%,SPY,90,high,5.2733,5.2733,5.2733,5.2733,0,False
bonus 5.5%,SPY,90,high,8.8273,8.8273,8.8273,8.8273,0,False
deleverage fee 3.0%,SPY,90,high,6.7154,6.7154,6.7154,6.7154,0,False
deleverage fee 5.5%,SPY,90,high,6.7154,6.7154,6.7154,6.7154,0,False
"base (full sample, v3 depth, fee 2%, bonus 4%)",SPY,93,uniform,6.6806,6.6806,6.6806,6.6806,0,False
"2018+ windows, shipped full-sample gapVaR (in-sample cap)",SPY,93,uniform,12.779,12.779,12.779,12.779,0,False
"2018+ windows, pre-2018 gapVaR (out-of-sample cap)",SPY,93,uniform,12.779,12.779,12.779,12.779,0,False
constant-product depth on DexScreener TVL (M2.2 model),SPY,93,uniform,6.6806,6.6806,6.6806,6.6806,0,False
market 4x the collateral cap,SPY,93,uniform,6.6806,6.6806,6.6806,6.6806,0,False
market 0.25x the collateral cap,SPY,93,uniform,6.6806,6.6806,6.6806,6.6806,0,False
bonus 3%,SPY,93,uniform,5.6389,5.6389,5.6389,5.6389,0,False
bonus 5.5%,SPY,93,uniform,8.2062,8.2062,8.2062,8.2062,0,False
deleverage fee 3.0%,SPY,93,uniform,6.6806,6.6806,6.6806,6.6806,0,False
deleverage fee 5.5%,SPY,93,uniform,6.6806,6.6806,6.6806,6.6806,0,False
"base (full sample, v3 depth, fee 2%, bonus 4%)",SPY,93,high,18.2,18.2,18.2,18.2,0,False
"2018+ windows, shipped full-sample gapVaR (in-sample cap)",SPY,93,high,34.815,34.815,34.815,34.815,0,False
"2018+ windows, pre-2018 gapVaR (out-of-sample cap)",SPY,93,high,34.815,34.815,34.815,34.815,0,False
constant-product depth on DexScreener TVL (M2.2 model),SPY,93,high,18.2,18.2,18.2,18.2,0,False
market 4x the collateral cap,SPY,93,high,18.2,18.2,18.2,18.2,0,False
market 0.25x the collateral cap,SPY,93,high,18.2,18.2,18.2,18.2,0,False
bonus 3%,SPY,93,high,15.362,15.362,15.362,15.362,0,False
bonus 5.5%,SPY,93,high,22.356,22.356,22.356,22.356,0,False
deleverage fee 3.0%,SPY,93,high,18.2,18.2,18.2,18.2,0,False
deleverage fee 5.5%,SPY,93,high,18.2,18.2,18.2,18.2,0,False
