ticker,tier_lltv_pct,borrowers,behaviour,windows_per_year,borrowers_above_weekend_cap_pct,flagged_events_per_borrower_yr_avg,executed_events_per_borrower_yr_avg,flagged_events_per_yr_top_bucket,fee_cost_pct_of_debt_per_yr_APR_equiv,trimmed_notional_pct_of_debt_per_yr,share_flagged_debt_not_trimmed_pct,extra_weekday_capacity_offered_pp,extra_weekday_capacity_used_pp_of_collateral,avg_unused_weekday_headroom_pp,share_of_time_in_stress_period_pct,measured_borrow_apr_pct,required_gross_return_on_extra_debt_pct,measured_large_usdg_market_apr_pct
AAPL,90,uniform,naive,54.692,5,2.2679,2.2679,45.357,1.1804,59.019,0,0.6529,0.032645,42.75,34.919,7.8329,1716.3,4.0663
AAPL,90,uniform,rational,54.692,5,0,0,0,0,0,0,0.6529,0.032645,42.75,34.919,7.8329,7.8329,4.0663
AAPL,90,high,naive,54.692,22.14,10.042,10.042,45.357,3.2157,160.79,0,0.6529,0.14455,13.201,34.919,7.8329,1716.3,4.0663
AAPL,90,high,rational,54.692,22.14,0,0,0,0,0,0,0.6529,0.14455,13.201,34.919,7.8329,7.8329,4.0663
AAPL,90,conservative,naive,54.692,0.0022676,0.0010285,0.0010285,45.357,0.0012185,0.060923,0,0.6529,1.4805e-05,69.241,34.919,7.8329,1716.3,4.0663
AAPL,90,conservative,rational,54.692,0.0022676,0,0,0,0,0,0,0.6529,1.4805e-05,69.241,34.919,7.8329,7.8329,4.0663
AAPL,93,uniform,naive,54.692,5,2.6119,2.6119,52.238,4.3377,216.89,0,3.6529,0.18265,44.175,34.919,7.8329,1167.4,4.0663
AAPL,93,uniform,rational,54.692,5,0,0,0,0,0,0,3.6529,0.18265,44.175,34.919,7.8329,7.8329,4.0663
AAPL,93,high,naive,54.692,22.14,11.566,11.566,52.238,11.817,590.87,0,3.6529,0.80876,13.641,34.919,7.8329,1167.4,4.0663
AAPL,93,high,rational,54.692,22.14,0,0,0,0,0,0,3.6529,0.80876,13.641,34.919,7.8329,7.8329,4.0663
AAPL,93,conservative,naive,54.692,0.0022676,0.0011845,0.0011845,52.238,0.0044777,0.22389,0,3.6529,8.2832e-05,71.549,34.919,7.8329,1167.4,4.0663
AAPL,93,conservative,rational,54.692,0.0022676,0,0,0,0,0,0,3.6529,8.2832e-05,71.549,34.919,7.8329,7.8329,4.0663
SPY,90,uniform,naive,54.692,0,0,0,0,0,0,0,0,0,42.75,34.919,0.060215,,4.0663
SPY,90,uniform,rational,54.692,0,0,0,0,0,0,0,0,0,42.75,34.919,0.060215,,4.0663
SPY,90,high,naive,54.692,0,0,0,0,0,0,0,0,0,13.201,34.919,0.060215,,4.0663
SPY,90,high,rational,54.692,0,0,0,0,0,0,0,0,0,13.201,34.919,0.060215,,4.0663
SPY,90,conservative,naive,54.692,0,0,0,0,0,0,0,0,0,69.241,34.919,0.060215,,4.0663
SPY,90,conservative,rational,54.692,0,0,0,0,0,0,0,0,0,69.241,34.919,0.060215,,4.0663
SPY,93,uniform,naive,54.692,0,0,0,0,0,0,0,0,0,44.175,34.919,0.060215,,4.0663
SPY,93,uniform,rational,54.692,0,0,0,0,0,0,0,0,0,44.175,34.919,0.060215,,4.0663
SPY,93,high,naive,54.692,0,0,0,0,0,0,0,0,0,13.641,34.919,0.060215,,4.0663
SPY,93,high,rational,54.692,0,0,0,0,0,0,0,0,0,13.641,34.919,0.060215,,4.0663
SPY,93,conservative,naive,54.692,0,0,0,0,0,0,0,0,0,71.549,34.919,0.060215,,4.0663
SPY,93,conservative,rational,54.692,0,0,0,0,0,0,0,0,0,71.549,34.919,0.060215,,4.0663
