date,cls,gap_loss_pct,python_control,python_session_aware,python_standard_86,python_nonworsening_control,python_nonworsening_session_aware,python_nonworsening_standard_86,forge_control,forge_session_aware,forge_standard_86,python_accounts_flagged,python_deleverage_notional_usd
2020-03-16,Weekend,12.96,2224.66,1525.13,144.60,1923.80,1224.26,0.00,1923.95,1224.37,0.00,4,4876.43
2015-08-24,Weekend,10.30,1156.11,581.36,0.00,967.07,0.00,0.00,967.17,0.00,0.00,4,4876.43
2024-08-05,Weekend,9.45,910.92,376.03,0.00,499.97,0.00,0.00,500.03,0.00,0.00,4,4876.43
2020-03-09,Weekend,8.75,708.87,206.82,0.00,432.62,0.00,0.00,432.68,0.00,0.00,4,4876.43
2025-04-07,Weekend,5.93,162.27,0.00,0.00,0.00,0.00,0.00,0.00,0.00,0.00,4,4876.43
2020-09-08,Long,5.80,148.86,148.86,0.00,0.00,0.00,0.00,0.00,0.00,0.00,0,0.00
2011-01-18,Long,5.44,114.73,114.73,0.00,0.00,0.00,0.00,0.00,0.00,0.00,0,0.00
2020-02-24,Weekend,5.04,76.61,0.00,0.00,0.00,0.00,0.00,0.00,0.00,0.00,4,4876.43
2019-05-13,Weekend,4.80,53.42,0.00,0.00,0.00,0.00,0.00,0.00,0.00,0.00,4,4876.43
2019-05-06,Weekend,3.52,0.00,0.00,0.00,0.00,0.00,0.00,0.00,0.00,0.00,4,4876.43
