ticker,cls,n,gap_var_bps_q995,q995_resolvable,stress_fraction_bps,sample,sample_first_window,sample_last_window,tier90_cap_bps,binds_tier90,tightening_pp_tier90,tier93_cap_bps,binds_tier93,tightening_pp_tier93,source_file,method,basis,price_basis,stress_fraction
TSLA,Short,41,836.3,False,9013.7,full 2010-2026 (includes March 2020),2010-07-06,2026-09-28,9000,False,0,9013.7,True,2.86,research/results/class_stats.csv (column loss_q99.5_bps),"-np.quantile(log gap in bps, 0.005, method='lower'), by ticker and class (research/gap_stats.py)",daily proxy: previous regular close to next regular open (conservative superset),"split-adjusted, not dividend-adjusted (research/DATA_PROVENANCE.md)","10000 - gapVaR - 50 (oracle buffer) - 100 (safety buffer), bps"
TSLA,Weekend,737,1144.06,True,8705.94,full 2010-2026 (includes March 2020),2010-07-06,2026-09-28,8705.94,True,2.94,8705.94,True,5.94,research/results/class_stats.csv (column loss_q99.5_bps),"-np.quantile(log gap in bps, 0.005, method='lower'), by ticker and class (research/gap_stats.py)",daily proxy: previous regular close to next regular open (conservative superset),"split-adjusted, not dividend-adjusted (research/DATA_PROVENANCE.md)","10000 - gapVaR - 50 (oracle buffer) - 100 (safety buffer), bps"
TSLA,Long,111,1613.16,False,8236.84,full 2010-2026 (includes March 2020),2010-07-06,2026-09-28,8236.84,True,7.63,8236.84,True,10.63,research/results/class_stats.csv (column loss_q99.5_bps),"-np.quantile(log gap in bps, 0.005, method='lower'), by ticker and class (research/gap_stats.py)",daily proxy: previous regular close to next regular open (conservative superset),"split-adjusted, not dividend-adjusted (research/DATA_PROVENANCE.md)","10000 - gapVaR - 50 (oracle buffer) - 100 (safety buffer), bps"
NVDA,Short,41,367.57,False,9482.43,full 2010-2026 (includes March 2020),2010-01-11,2026-09-28,9000,False,0,9300,False,0,research/results/class_stats.csv (column loss_q99.5_bps),"-np.quantile(log gap in bps, 0.005, method='lower'), by ticker and class (research/gap_stats.py)",daily proxy: previous regular close to next regular open (conservative superset),"split-adjusted, not dividend-adjusted (research/DATA_PROVENANCE.md)","10000 - gapVaR - 50 (oracle buffer) - 100 (safety buffer), bps"
NVDA,Weekend,758,1256.14,True,8593.86,full 2010-2026 (includes March 2020),2010-01-11,2026-09-28,8593.86,True,4.06,8593.86,True,7.06,research/results/class_stats.csv (column loss_q99.5_bps),"-np.quantile(log gap in bps, 0.005, method='lower'), by ticker and class (research/gap_stats.py)",daily proxy: previous regular close to next regular open (conservative superset),"split-adjusted, not dividend-adjusted (research/DATA_PROVENANCE.md)","10000 - gapVaR - 50 (oracle buffer) - 100 (safety buffer), bps"
NVDA,Long,115,729.48,False,9120.52,full 2010-2026 (includes March 2020),2010-01-11,2026-09-28,9000,False,0,9120.52,True,1.79,research/results/class_stats.csv (column loss_q99.5_bps),"-np.quantile(log gap in bps, 0.005, method='lower'), by ticker and class (research/gap_stats.py)",daily proxy: previous regular close to next regular open (conservative superset),"split-adjusted, not dividend-adjusted (research/DATA_PROVENANCE.md)","10000 - gapVaR - 50 (oracle buffer) - 100 (safety buffer), bps"
AAPL,Short,41,282.99,False,9567.01,full 2010-2026 (includes March 2020),2010-01-11,2026-09-28,9000,False,0,9300,False,0,research/results/class_stats.csv (column loss_q99.5_bps),"-np.quantile(log gap in bps, 0.005, method='lower'), by ticker and class (research/gap_stats.py)",daily proxy: previous regular close to next regular open (conservative superset),"split-adjusted, not dividend-adjusted (research/DATA_PROVENANCE.md)","10000 - gapVaR - 50 (oracle buffer) - 100 (safety buffer), bps"
AAPL,Weekend,758,915.29,True,8934.71,full 2010-2026 (includes March 2020),2010-01-11,2026-09-28,8934.71,True,0.65,8934.71,True,3.65,research/results/class_stats.csv (column loss_q99.5_bps),"-np.quantile(log gap in bps, 0.005, method='lower'), by ticker and class (research/gap_stats.py)",daily proxy: previous regular close to next regular open (conservative superset),"split-adjusted, not dividend-adjusted (research/DATA_PROVENANCE.md)","10000 - gapVaR - 50 (oracle buffer) - 100 (safety buffer), bps"
AAPL,Long,115,597,False,9253,full 2010-2026 (includes March 2020),2010-01-11,2026-09-28,9000,False,0,9253,True,0.47,research/results/class_stats.csv (column loss_q99.5_bps),"-np.quantile(log gap in bps, 0.005, method='lower'), by ticker and class (research/gap_stats.py)",daily proxy: previous regular close to next regular open (conservative superset),"split-adjusted, not dividend-adjusted (research/DATA_PROVENANCE.md)","10000 - gapVaR - 50 (oracle buffer) - 100 (safety buffer), bps"
SPY,Short,41,161.52,False,9688.48,full 2010-2026 (includes March 2020),2010-01-11,2026-09-28,9000,False,0,9300,False,0,research/results/class_stats.csv (column loss_q99.5_bps),"-np.quantile(log gap in bps, 0.005, method='lower'), by ticker and class (research/gap_stats.py)",daily proxy: previous regular close to next regular open (conservative superset),"split-adjusted, not dividend-adjusted (research/DATA_PROVENANCE.md)","10000 - gapVaR - 50 (oracle buffer) - 100 (safety buffer), bps"
SPY,Weekend,758,407.13,True,9442.87,full 2010-2026 (includes March 2020),2010-01-11,2026-09-28,9000,False,0,9300,False,0,research/results/class_stats.csv (column loss_q99.5_bps),"-np.quantile(log gap in bps, 0.005, method='lower'), by ticker and class (research/gap_stats.py)",daily proxy: previous regular close to next regular open (conservative superset),"split-adjusted, not dividend-adjusted (research/DATA_PROVENANCE.md)","10000 - gapVaR - 50 (oracle buffer) - 100 (safety buffer), bps"
SPY,Long,115,297.99,False,9552.01,full 2010-2026 (includes March 2020),2010-01-11,2026-09-28,9000,False,0,9300,False,0,research/results/class_stats.csv (column loss_q99.5_bps),"-np.quantile(log gap in bps, 0.005, method='lower'), by ticker and class (research/gap_stats.py)",daily proxy: previous regular close to next regular open (conservative superset),"split-adjusted, not dividend-adjusted (research/DATA_PROVENANCE.md)","10000 - gapVaR - 50 (oracle buffer) - 100 (safety buffer), bps"
