control,ticker,date,cls,gap_bps,var_bps,flat_loss_pct,stress_loss_pct
cf_93,JPM,2020-03-16,Weekend,-1985.2,1183,2.4817,1.6752
cf_93,TSLA,2020-09-08,Long,-1613.2,1091.5,1.5074,0.87999
cf_93,NVDA,2019-01-28,Weekend,-1594.2,631.98,1.475,1.3922
cf_93,NVDA,2024-08-05,Weekend,-1529.1,531.26,1.3633,1.3633
cf_93,TSLA,2020-03-16,Weekend,-1520.9,1937.9,1.3492,0
cf_93,TSLA,2020-03-09,Weekend,-1501.7,1295.4,1.3161,0
cf_93,AAPL,2020-03-16,Weekend,-1387.8,1137.8,1.1185,0.39376
cf_93,XOM,2020-03-09,Weekend,-1339.8,413.05,1.0345,1.0345
cf_93,NVDA,2025-01-27,Weekend,-1334.7,719.44,1.0256,0.85353
cf_93,MSFT,2020-03-16,Weekend,-1261.9,927.35,0.89738,0.51293
cf_93,NVDA,2020-03-16,Weekend,-1256.1,1384.9,0.88717,0
morpho_86,JPM,2020-03-16,Weekend,-1985.2,1183,0.825,0.825
cf_93,TSLA,2024-08-05,Weekend,-1144.1,761.6,0.58202,0.36612
morpho_86,TSLA,2020-09-08,Long,-1613.2,1091.5,0.49524,0.49524
morpho_86,NVDA,2019-01-28,Weekend,-1594.2,631.98,0.4781,0.4781
morpho_86,NVDA,2024-08-05,Weekend,-1529.1,531.26,0.419,0.419
morpho_86,TSLA,2020-03-16,Weekend,-1520.9,1937.9,0.41152,0
morpho_86,JPM,2020-03-09,Weekend,-1126,390.02,1.2295e-15,1.2295e-15
morpho_86,TSLA,2024-08-05,Weekend,-1144.1,761.6,1.2295e-15,1.2295e-15
morpho_86,AAPL,2018-05-07,Weekend,73.17,241.27,0,0
morpho_86,AAPL,2018-05-14,Weekend,22.25,240.25,0,0
morpho_86,AAPL,2018-05-21,Weekend,90.3,229,0,0
morpho_86,AAPL,2018-05-29,Long,-52.1,238.16,0,0
morpho_86,AAPL,2018-06-04,Weekend,73.32,227.69,0,0
