asset,boosted_lltv,design,concentration,boosted_debt_share,boosted_util,pre_window_deleveraging,extra_power_pp_nominal,capacity_given_up_pp_time_avg,forced_events_per_boosted_borrower_per_year,market_bad_debt_bps_yr,standard_only_bad_debt_bps_yr,added_bad_debt_bps_yr,added_bad_debt_bps_yr_per_boosted_debt,worst_window_lender_loss_pct,breakeven_borrow_apr_pct,extra_interest_bps_yr_assumed
TSLA,0.9,flat 5.5% CF100,1,0.1,high,True,13,0.46676,1.5097,5.385,0,5.385,53.85,0.3132,3.7281,7.2222
TSLA,0.9,flat 5.5% CF100,1,0.1,high,False,13,0,0,13.07,0,13.07,130.7,0.38261,9.0482,7.2222
TSLA,0.9,flat 5.5% CF100,1,0.1,uniform,True,13,0.46676,0.35873,2.0847,0,2.0847,20.847,0.1244,1.4432,7.2222
TSLA,0.9,flat 5.5% CF100,1,0.1,uniform,False,13,0,0,5.0127,0,5.0127,50.127,0.14993,3.4703,7.2222
TSLA,0.9,flat 5.5% CF100,1,0.1,conservative,True,13,0.46676,0.00062818,0.0063814,0,0.0063814,0.063814,0.00049804,0.0044179,7.2222
TSLA,0.9,flat 5.5% CF100,1,0.1,conservative,False,13,0,0,0.0088103,0,0.0088103,0.088103,0.00052443,0.0060994,7.2222
TSLA,0.9,flat 5.5% CF100,1,0.3,high,True,13,0.46676,1.5097,16.284,0,16.284,54.282,0.95091,3.758,21.667
TSLA,0.9,flat 5.5% CF100,1,0.3,high,False,13,0,0,39.323,0,39.323,131.08,1.1578,9.0746,21.667
TSLA,0.9,flat 5.5% CF100,1,0.3,uniform,True,13,0.46676,0.35873,6.2561,0,6.2561,20.854,0.3734,1.4437,21.667
TSLA,0.9,flat 5.5% CF100,1,0.3,uniform,False,13,0,0,15.038,0,15.038,50.127,0.4498,3.4703,21.667
TSLA,0.9,flat 5.5% CF100,1,0.3,conservative,True,13,0.46676,0.00062818,0.019144,0,0.019144,0.063814,0.0014941,0.0044179,21.667
TSLA,0.9,flat 5.5% CF100,1,0.3,conservative,False,13,0,0,0.026431,0,0.026431,0.088103,0.0015733,0.0060994,21.667
TSLA,0.9,flat 5.5% CF100,1,0.5,high,True,13,0.46676,1.5097,27.57,0,27.57,55.139,1.6292,3.8173,36.111
TSLA,0.9,flat 5.5% CF100,1,0.5,high,False,13,0,0,65.975,0,65.975,131.95,1.9717,9.135,36.111
TSLA,0.9,flat 5.5% CF100,1,0.5,uniform,True,13,0.46676,0.35873,10.431,0,10.431,20.861,0.62265,1.4442,36.111
TSLA,0.9,flat 5.5% CF100,1,0.5,uniform,False,13,0,0,25.064,0,25.064,50.127,0.74966,3.4703,36.111
TSLA,0.9,flat 5.5% CF100,1,0.5,conservative,True,13,0.46676,0.00062818,0.031907,0,0.031907,0.063814,0.0024902,0.0044179,36.111
TSLA,0.9,flat 5.5% CF100,1,0.5,conservative,False,13,0,0,0.044051,0,0.044051,0.088103,0.0026221,0.0060994,36.111
TSLA,0.9,flat 5.5% CF100,5,0.1,high,True,13,0.46676,1.5097,5.385,0,5.385,53.85,0.3132,3.7281,7.2222
TSLA,0.9,flat 5.5% CF100,5,0.1,high,False,13,0,0,12.045,0,12.045,120.45,0.38261,8.3386,7.2222
TSLA,0.9,flat 5.5% CF100,5,0.1,uniform,True,13,0.46676,0.35873,2.0847,0,2.0847,20.847,0.1244,1.4432,7.2222
TSLA,0.9,flat 5.5% CF100,5,0.1,uniform,False,13,0,0,4.4372,0,4.4372,44.372,0.14993,3.0719,7.2222
TSLA,0.9,flat 5.5% CF100,5,0.1,conservative,True,13,0.46676,0.00062818,0.0063814,0,0.0063814,0.063814,0.00049804,0.0044179,7.2222
TSLA,0.9,flat 5.5% CF100,5,0.1,conservative,False,13,0,0,0.0088103,0,0.0088103,0.088103,0.00052443,0.0060994,7.2222
TSLA,0.9,flat 5.5% CF100,5,0.3,high,True,13,0.46676,1.5097,16.17,0,16.17,53.9,0.9409,3.7315,21.667
TSLA,0.9,flat 5.5% CF100,5,0.3,high,False,13,0,0,39.209,0,39.209,130.7,1.1478,9.0482,21.667
TSLA,0.9,flat 5.5% CF100,5,0.3,uniform,True,13,0.46676,0.35873,6.2561,0,6.2561,20.854,0.3734,1.4437,21.667
TSLA,0.9,flat 5.5% CF100,5,0.3,uniform,False,13,0,0,14.172,0,14.172,47.239,0.4498,3.2704,21.667
TSLA,0.9,flat 5.5% CF100,5,0.3,conservative,True,13,0.46676,0.00062818,0.019144,0,0.019144,0.063814,0.0014941,0.0044179,21.667
TSLA,0.9,flat 5.5% CF100,5,0.3,conservative,False,13,0,0,0.026431,0,0.026431,0.088103,0.0015733,0.0060994,21.667
TSLA,0.9,flat 5.5% CF100,5,0.5,high,True,13,0.46676,1.5097,26.975,0,26.975,53.95,1.5704,3.735,36.111
TSLA,0.9,flat 5.5% CF100,5,0.5,high,False,13,0,0,65.348,0,65.348,130.7,1.9131,9.0482,36.111
TSLA,0.9,flat 5.5% CF100,5,0.5,uniform,True,13,0.46676,0.35873,10.431,0,10.431,20.861,0.62265,1.4442,36.111
TSLA,0.9,flat 5.5% CF100,5,0.5,uniform,False,13,0,0,25.064,0,25.064,50.127,0.74966,3.4703,36.111
TSLA,0.9,flat 5.5% CF100,5,0.5,conservative,True,13,0.46676,0.00062818,0.031907,0,0.031907,0.063814,0.0024902,0.0044179,36.111
TSLA,0.9,flat 5.5% CF100,5,0.5,conservative,False,13,0,0,0.044051,0,0.044051,0.088103,0.0026221,0.0060994,36.111
TSLA,0.9,dutch 60min,1,0.1,high,True,13,0.46676,1.5097,5.385,0,5.385,53.85,0.3132,3.7281,7.2222
TSLA,0.9,dutch 60min,1,0.1,high,False,13,0,0,13.07,0,13.07,130.7,0.38261,9.0482,7.2222
TSLA,0.9,dutch 60min,1,0.1,uniform,True,13,0.46676,0.35873,2.0847,0,2.0847,20.847,0.1244,1.4432,7.2222
TSLA,0.9,dutch 60min,1,0.1,uniform,False,13,0,0,5.0127,0,5.0127,50.127,0.14993,3.4703,7.2222
TSLA,0.9,dutch 60min,1,0.1,conservative,True,13,0.46676,0.00062818,0.0063814,0,0.0063814,0.063814,0.00049804,0.0044179,7.2222
TSLA,0.9,dutch 60min,1,0.1,conservative,False,13,0,0,0.0088103,0,0.0088103,0.088103,0.00052443,0.0060994,7.2222
TSLA,0.9,dutch 60min,1,0.3,high,True,13,0.46676,1.5097,16.284,0,16.284,54.282,0.95091,3.758,21.667
TSLA,0.9,dutch 60min,1,0.3,high,False,13,0,0,39.323,0,39.323,131.08,1.1578,9.0746,21.667
TSLA,0.9,dutch 60min,1,0.3,uniform,True,13,0.46676,0.35873,6.2561,0,6.2561,20.854,0.3734,1.4437,21.667
TSLA,0.9,dutch 60min,1,0.3,uniform,False,13,0,0,15.038,0,15.038,50.127,0.4498,3.4703,21.667
TSLA,0.9,dutch 60min,1,0.3,conservative,True,13,0.46676,0.00062818,0.019144,0,0.019144,0.063814,0.0014941,0.0044179,21.667
TSLA,0.9,dutch 60min,1,0.3,conservative,False,13,0,0,0.026431,0,0.026431,0.088103,0.0015733,0.0060994,21.667
TSLA,0.9,dutch 60min,1,0.5,high,True,13,0.46676,1.5097,27.57,0,27.57,55.139,1.6292,3.8173,36.111
TSLA,0.9,dutch 60min,1,0.5,high,False,13,0,0,65.975,0,65.975,131.95,1.9717,9.135,36.111
TSLA,0.9,dutch 60min,1,0.5,uniform,True,13,0.46676,0.35873,10.431,0,10.431,20.861,0.62265,1.4442,36.111
TSLA,0.9,dutch 60min,1,0.5,uniform,False,13,0,0,25.064,0,25.064,50.127,0.74966,3.4703,36.111
TSLA,0.9,dutch 60min,1,0.5,conservative,True,13,0.46676,0.00062818,0.031907,0,0.031907,0.063814,0.0024902,0.0044179,36.111
TSLA,0.9,dutch 60min,1,0.5,conservative,False,13,0,0,0.044051,0,0.044051,0.088103,0.0026221,0.0060994,36.111
TSLA,0.9,dutch 60min,5,0.1,high,True,13,0.46676,1.5097,5.385,0,5.385,53.85,0.3132,3.7281,7.2222
TSLA,0.9,dutch 60min,5,0.1,high,False,13,0,0,12.045,0,12.045,120.45,0.38261,8.3386,7.2222
TSLA,0.9,dutch 60min,5,0.1,uniform,True,13,0.46676,0.35873,2.0847,0,2.0847,20.847,0.1244,1.4432,7.2222
TSLA,0.9,dutch 60min,5,0.1,uniform,False,13,0,0,4.4372,0,4.4372,44.372,0.14993,3.0719,7.2222
TSLA,0.9,dutch 60min,5,0.1,conservative,True,13,0.46676,0.00062818,0.0063814,0,0.0063814,0.063814,0.00049804,0.0044179,7.2222
TSLA,0.9,dutch 60min,5,0.1,conservative,False,13,0,0,0.0088103,0,0.0088103,0.088103,0.00052443,0.0060994,7.2222
TSLA,0.9,dutch 60min,5,0.3,high,True,13,0.46676,1.5097,16.17,0,16.17,53.9,0.9409,3.7315,21.667
TSLA,0.9,dutch 60min,5,0.3,high,False,13,0,0,39.209,0,39.209,130.7,1.1478,9.0482,21.667
TSLA,0.9,dutch 60min,5,0.3,uniform,True,13,0.46676,0.35873,6.2561,0,6.2561,20.854,0.3734,1.4437,21.667
TSLA,0.9,dutch 60min,5,0.3,uniform,False,13,0,0,14.172,0,14.172,47.239,0.4498,3.2704,21.667
TSLA,0.9,dutch 60min,5,0.3,conservative,True,13,0.46676,0.00062818,0.019144,0,0.019144,0.063814,0.0014941,0.0044179,21.667
TSLA,0.9,dutch 60min,5,0.3,conservative,False,13,0,0,0.026431,0,0.026431,0.088103,0.0015733,0.0060994,21.667
TSLA,0.9,dutch 60min,5,0.5,high,True,13,0.46676,1.5097,26.975,0,26.975,53.95,1.5704,3.735,36.111
TSLA,0.9,dutch 60min,5,0.5,high,False,13,0,0,65.348,0,65.348,130.7,1.9131,9.0482,36.111
TSLA,0.9,dutch 60min,5,0.5,uniform,True,13,0.46676,0.35873,10.431,0,10.431,20.861,0.62265,1.4442,36.111
TSLA,0.9,dutch 60min,5,0.5,uniform,False,13,0,0,25.064,0,25.064,50.127,0.74966,3.4703,36.111
TSLA,0.9,dutch 60min,5,0.5,conservative,True,13,0.46676,0.00062818,0.031907,0,0.031907,0.063814,0.0024902,0.0044179,36.111
TSLA,0.9,dutch 60min,5,0.5,conservative,False,13,0,0,0.044051,0,0.044051,0.088103,0.0026221,0.0060994,36.111
TSLA,0.93,flat 5.5% CF100,1,0.1,high,True,16,1.2203,3.3548,7.8983,0,7.8983,78.983,0.35084,4.5909,8.6022
TSLA,0.93,flat 5.5% CF100,1,0.1,high,False,16,0,0,24.563,0,24.563,245.63,0.51873,14.277,8.6022
TSLA,0.93,flat 5.5% CF100,1,0.1,uniform,True,16,1.2203,0.80328,3.0478,0,3.0478,30.478,0.1418,1.7716,8.6022
TSLA,0.93,flat 5.5% CF100,1,0.1,uniform,False,16,0,0,9.3999,0,9.3999,93.999,0.205,5.4637,8.6022
TSLA,0.93,flat 5.5% CF100,1,0.1,conservative,True,16,1.2203,0.0015685,0.0090034,0,0.0090034,0.090034,0.00065826,0.0052332,8.6022
TSLA,0.93,flat 5.5% CF100,1,0.1,conservative,False,16,0,0,0.027368,0,0.027368,0.27368,0.00078025,0.015908,8.6022
TSLA,0.93,flat 5.5% CF100,1,0.3,high,True,16,1.2203,3.3548,25.642,0,25.642,85.474,1.2221,4.9682,25.806
TSLA,0.93,flat 5.5% CF100,1,0.3,high,False,16,0,0,75.896,0,75.896,252.99,1.7213,14.705,25.806
TSLA,0.93,flat 5.5% CF100,1,0.3,uniform,True,16,1.2203,0.80328,9.1507,0,9.1507,30.502,0.42593,1.7729,25.806
TSLA,0.93,flat 5.5% CF100,1,0.3,uniform,False,16,0,0,28.456,0,28.456,94.855,0.61501,5.5134,25.806
TSLA,0.93,flat 5.5% CF100,1,0.3,conservative,True,16,1.2203,0.0015685,0.02701,0,0.02701,0.090034,0.0019748,0.0052333,25.806
TSLA,0.93,flat 5.5% CF100,1,0.3,conservative,False,16,0,0,0.082105,0,0.082105,0.27368,0.0023407,0.015908,25.806
TSLA,0.93,flat 5.5% CF100,1,0.5,high,True,16,1.2203,3.3548,44.33,0,44.33,88.66,2.1809,5.1534,43.011
TSLA,0.93,flat 5.5% CF100,1,0.5,high,False,16,0,0,128.38,0,128.38,256.76,3.005,14.924,43.011
TSLA,0.93,flat 5.5% CF100,1,0.5,uniform,True,16,1.2203,0.80328,16.05,0,16.05,32.1,0.77955,1.8658,43.011
TSLA,0.93,flat 5.5% CF100,1,0.5,uniform,False,16,0,0,48.297,0,48.297,96.595,1.0936,5.6146,43.011
TSLA,0.93,flat 5.5% CF100,1,0.5,conservative,True,16,1.2203,0.0015685,0.045017,0,0.045017,0.090035,0.0032913,0.0052333,43.011
TSLA,0.93,flat 5.5% CF100,1,0.5,conservative,False,16,0,0,0.13684,0,0.13684,0.27368,0.0039012,0.015908,43.011
TSLA,0.93,flat 5.5% CF100,5,0.1,high,True,16,1.2203,3.3548,7.8983,0,7.8983,78.983,0.35084,4.5909,8.6022
TSLA,0.93,flat 5.5% CF100,5,0.1,high,False,16,0,0,24.049,0,24.049,240.49,0.51873,13.978,8.6022
TSLA,0.93,flat 5.5% CF100,5,0.1,uniform,True,16,1.2203,0.80328,3.0478,0,3.0478,30.478,0.1418,1.7716,8.6022
TSLA,0.93,flat 5.5% CF100,5,0.1,uniform,False,16,0,0,8.9585,0,8.9585,89.585,0.205,5.2071,8.6022
TSLA,0.93,flat 5.5% CF100,5,0.1,conservative,True,16,1.2203,0.0015685,0.0090034,0,0.0090034,0.090034,0.00065826,0.0052332,8.6022
TSLA,0.93,flat 5.5% CF100,5,0.1,conservative,False,16,0,0,0.027368,0,0.027368,0.27368,0.00078025,0.015908,8.6022
TSLA,0.93,flat 5.5% CF100,5,0.3,high,True,16,1.2203,3.3548,23.743,0,23.743,79.143,1.0561,4.6002,25.806
TSLA,0.93,flat 5.5% CF100,5,0.3,high,False,16,0,0,73.431,0,73.431,244.77,1.5562,14.227,25.806
TSLA,0.93,flat 5.5% CF100,5,0.3,uniform,True,16,1.2203,0.80328,9.1507,0,9.1507,30.502,0.42593,1.7729,25.806
TSLA,0.93,flat 5.5% CF100,5,0.3,uniform,False,16,0,0,27.943,0,27.943,93.143,0.61501,5.4139,25.806
TSLA,0.93,flat 5.5% CF100,5,0.3,conservative,True,16,1.2203,0.0015685,0.02701,0,0.02701,0.090034,0.0019748,0.0052333,25.806
TSLA,0.93,flat 5.5% CF100,5,0.3,conservative,False,16,0,0,0.082105,0,0.082105,0.27368,0.0023407,0.015908,25.806
TSLA,0.93,flat 5.5% CF100,5,0.5,high,True,16,1.2203,3.3548,39.652,0,39.652,79.304,1.7661,4.6096,43.011
TSLA,0.93,flat 5.5% CF100,5,0.5,high,False,16,0,0,122.81,0,122.81,245.63,2.5937,14.277,43.011
TSLA,0.93,flat 5.5% CF100,5,0.5,uniform,True,16,1.2203,0.80328,15.263,0,15.263,30.526,0.71078,1.7743,43.011
TSLA,0.93,flat 5.5% CF100,5,0.5,uniform,False,16,0,0,46.999,0,46.999,93.999,1.025,5.4637,43.011
TSLA,0.93,flat 5.5% CF100,5,0.5,conservative,True,16,1.2203,0.0015685,0.045017,0,0.045017,0.090035,0.0032913,0.0052333,43.011
TSLA,0.93,flat 5.5% CF100,5,0.5,conservative,False,16,0,0,0.13684,0,0.13684,0.27368,0.0039012,0.015908,43.011
TSLA,0.93,dutch 60min,1,0.1,high,True,16,1.2203,3.3548,7.8983,0,7.8983,78.983,0.35084,4.5909,8.6022
TSLA,0.93,dutch 60min,1,0.1,high,False,16,0,0,24.563,0,24.563,245.63,0.51873,14.277,8.6022
TSLA,0.93,dutch 60min,1,0.1,uniform,True,16,1.2203,0.80328,3.0478,0,3.0478,30.478,0.1418,1.7716,8.6022
TSLA,0.93,dutch 60min,1,0.1,uniform,False,16,0,0,9.3999,0,9.3999,93.999,0.205,5.4637,8.6022
TSLA,0.93,dutch 60min,1,0.1,conservative,True,16,1.2203,0.0015685,0.0090034,0,0.0090034,0.090034,0.00065826,0.0052332,8.6022
TSLA,0.93,dutch 60min,1,0.1,conservative,False,16,0,0,0.027368,0,0.027368,0.27368,0.00078025,0.015908,8.6022
TSLA,0.93,dutch 60min,1,0.3,high,True,16,1.2203,3.3548,25.642,0,25.642,85.474,1.2221,4.9682,25.806
TSLA,0.93,dutch 60min,1,0.3,high,False,16,0,0,75.896,0,75.896,252.99,1.7213,14.705,25.806
TSLA,0.93,dutch 60min,1,0.3,uniform,True,16,1.2203,0.80328,9.1507,0,9.1507,30.502,0.42593,1.7729,25.806
TSLA,0.93,dutch 60min,1,0.3,uniform,False,16,0,0,28.456,0,28.456,94.855,0.61501,5.5134,25.806
TSLA,0.93,dutch 60min,1,0.3,conservative,True,16,1.2203,0.0015685,0.02701,0,0.02701,0.090034,0.0019748,0.0052333,25.806
TSLA,0.93,dutch 60min,1,0.3,conservative,False,16,0,0,0.082105,0,0.082105,0.27368,0.0023407,0.015908,25.806
TSLA,0.93,dutch 60min,1,0.5,high,True,16,1.2203,3.3548,44.33,0,44.33,88.66,2.1809,5.1534,43.011
TSLA,0.93,dutch 60min,1,0.5,high,False,16,0,0,128.38,0,128.38,256.76,3.005,14.924,43.011
TSLA,0.93,dutch 60min,1,0.5,uniform,True,16,1.2203,0.80328,16.05,0,16.05,32.1,0.77955,1.8658,43.011
TSLA,0.93,dutch 60min,1,0.5,uniform,False,16,0,0,48.297,0,48.297,96.595,1.0936,5.6146,43.011
TSLA,0.93,dutch 60min,1,0.5,conservative,True,16,1.2203,0.0015685,0.045017,0,0.045017,0.090035,0.0032913,0.0052333,43.011
TSLA,0.93,dutch 60min,1,0.5,conservative,False,16,0,0,0.13684,0,0.13684,0.27368,0.0039012,0.015908,43.011
TSLA,0.93,dutch 60min,5,0.1,high,True,16,1.2203,3.3548,7.8983,0,7.8983,78.983,0.35084,4.5909,8.6022
TSLA,0.93,dutch 60min,5,0.1,high,False,16,0,0,24.049,0,24.049,240.49,0.51873,13.978,8.6022
TSLA,0.93,dutch 60min,5,0.1,uniform,True,16,1.2203,0.80328,3.0478,0,3.0478,30.478,0.1418,1.7716,8.6022
TSLA,0.93,dutch 60min,5,0.1,uniform,False,16,0,0,8.9585,0,8.9585,89.585,0.205,5.2071,8.6022
TSLA,0.93,dutch 60min,5,0.1,conservative,True,16,1.2203,0.0015685,0.0090034,0,0.0090034,0.090034,0.00065826,0.0052332,8.6022
TSLA,0.93,dutch 60min,5,0.1,conservative,False,16,0,0,0.027368,0,0.027368,0.27368,0.00078025,0.015908,8.6022
TSLA,0.93,dutch 60min,5,0.3,high,True,16,1.2203,3.3548,23.743,0,23.743,79.143,1.0561,4.6002,25.806
TSLA,0.93,dutch 60min,5,0.3,high,False,16,0,0,73.431,0,73.431,244.77,1.5562,14.227,25.806
TSLA,0.93,dutch 60min,5,0.3,uniform,True,16,1.2203,0.80328,9.1507,0,9.1507,30.502,0.42593,1.7729,25.806
TSLA,0.93,dutch 60min,5,0.3,uniform,False,16,0,0,27.943,0,27.943,93.143,0.61501,5.4139,25.806
TSLA,0.93,dutch 60min,5,0.3,conservative,True,16,1.2203,0.0015685,0.02701,0,0.02701,0.090034,0.0019748,0.0052333,25.806
TSLA,0.93,dutch 60min,5,0.3,conservative,False,16,0,0,0.082105,0,0.082105,0.27368,0.0023407,0.015908,25.806
TSLA,0.93,dutch 60min,5,0.5,high,True,16,1.2203,3.3548,39.652,0,39.652,79.304,1.7661,4.6096,43.011
TSLA,0.93,dutch 60min,5,0.5,high,False,16,0,0,122.81,0,122.81,245.63,2.5937,14.277,43.011
TSLA,0.93,dutch 60min,5,0.5,uniform,True,16,1.2203,0.80328,15.263,0,15.263,30.526,0.71078,1.7743,43.011
TSLA,0.93,dutch 60min,5,0.5,uniform,False,16,0,0,46.999,0,46.999,93.999,1.025,5.4637,43.011
TSLA,0.93,dutch 60min,5,0.5,conservative,True,16,1.2203,0.0015685,0.045017,0,0.045017,0.090035,0.0032913,0.0052333,43.011
TSLA,0.93,dutch 60min,5,0.5,conservative,False,16,0,0,0.13684,0,0.13684,0.27368,0.0039012,0.015908,43.011
NVDA,0.9,flat 5.5% CF100,1,0.1,high,True,13,0.28452,0.82858,9.4688,0,9.4688,94.688,0.37461,6.5553,7.2222
NVDA,0.9,flat 5.5% CF100,1,0.1,high,False,13,0,0,11.581,0,11.581,115.81,0.37461,8.0175,7.2222
NVDA,0.9,flat 5.5% CF100,1,0.1,uniform,True,13,0.28452,0.19567,3.5808,0,3.5808,35.808,0.14669,2.479,7.2222
NVDA,0.9,flat 5.5% CF100,1,0.1,uniform,False,13,0,0,4.356,0,4.356,43.56,0.14669,3.0157,7.2222
NVDA,0.9,flat 5.5% CF100,1,0.1,conservative,True,13,0.28452,0.0002452,0.0077923,0,0.0077923,0.077923,0.00050938,0.0053946,7.2222
NVDA,0.9,flat 5.5% CF100,1,0.1,conservative,False,13,0,0,0.0085925,0,0.0085925,0.085925,0.00050938,0.0059487,7.2222
NVDA,0.9,flat 5.5% CF100,1,0.3,high,True,13,0.28452,0.82858,28.39,0,28.39,94.634,1.1224,6.5516,21.667
NVDA,0.9,flat 5.5% CF100,1,0.3,high,False,13,0,0,34.726,0,34.726,115.75,1.1224,8.0137,21.667
NVDA,0.9,flat 5.5% CF100,1,0.3,uniform,True,13,0.28452,0.19567,10.742,0,10.742,35.808,0.44008,2.479,21.667
NVDA,0.9,flat 5.5% CF100,1,0.3,uniform,False,13,0,0,13.068,0,13.068,43.56,0.44008,3.0157,21.667
NVDA,0.9,flat 5.5% CF100,1,0.3,conservative,True,13,0.28452,0.0002452,0.023377,0,0.023377,0.077923,0.0015281,0.0053946,21.667
NVDA,0.9,flat 5.5% CF100,1,0.3,conservative,False,13,0,0,0.025778,0,0.025778,0.085925,0.0015281,0.0059487,21.667
NVDA,0.9,flat 5.5% CF100,1,0.5,high,True,13,0.28452,0.82858,47.508,0,47.508,95.016,1.8647,6.578,36.111
NVDA,0.9,flat 5.5% CF100,1,0.5,high,False,13,0,0,58.145,0,58.145,116.29,1.8647,8.0509,36.111
NVDA,0.9,flat 5.5% CF100,1,0.5,uniform,True,13,0.28452,0.19567,17.904,0,17.904,35.808,0.73346,2.479,36.111
NVDA,0.9,flat 5.5% CF100,1,0.5,uniform,False,13,0,0,21.78,0,21.78,43.56,0.73346,3.0157,36.111
NVDA,0.9,flat 5.5% CF100,1,0.5,conservative,True,13,0.28452,0.0002452,0.038961,0,0.038961,0.077923,0.0025469,0.0053946,36.111
NVDA,0.9,flat 5.5% CF100,1,0.5,conservative,False,13,0,0,0.042963,0,0.042963,0.085925,0.0025469,0.0059487,36.111
NVDA,0.9,flat 5.5% CF100,5,0.1,high,True,13,0.28452,0.82858,9.4688,0,9.4688,94.688,0.37461,6.5553,7.2222
NVDA,0.9,flat 5.5% CF100,5,0.1,high,False,13,0,0,11.581,0,11.581,115.81,0.37461,8.0175,7.2222
NVDA,0.9,flat 5.5% CF100,5,0.1,uniform,True,13,0.28452,0.19567,3.5808,0,3.5808,35.808,0.14669,2.479,7.2222
NVDA,0.9,flat 5.5% CF100,5,0.1,uniform,False,13,0,0,4.356,0,4.356,43.56,0.14669,3.0157,7.2222
NVDA,0.9,flat 5.5% CF100,5,0.1,conservative,True,13,0.28452,0.0002452,0.0077923,0,0.0077923,0.077923,0.00050938,0.0053946,7.2222
NVDA,0.9,flat 5.5% CF100,5,0.1,conservative,False,13,0,0,0.0085925,0,0.0085925,0.085925,0.00050938,0.0059487,7.2222
NVDA,0.9,flat 5.5% CF100,5,0.3,high,True,13,0.28452,0.82858,28.407,0,28.407,94.688,1.1238,6.5553,21.667
NVDA,0.9,flat 5.5% CF100,5,0.3,high,False,13,0,0,34.743,0,34.743,115.81,1.1238,8.0175,21.667
NVDA,0.9,flat 5.5% CF100,5,0.3,uniform,True,13,0.28452,0.19567,10.742,0,10.742,35.808,0.44008,2.479,21.667
NVDA,0.9,flat 5.5% CF100,5,0.3,uniform,False,13,0,0,13.068,0,13.068,43.56,0.44008,3.0157,21.667
NVDA,0.9,flat 5.5% CF100,5,0.3,conservative,True,13,0.28452,0.0002452,0.023377,0,0.023377,0.077923,0.0015281,0.0053946,21.667
NVDA,0.9,flat 5.5% CF100,5,0.3,conservative,False,13,0,0,0.025778,0,0.025778,0.085925,0.0015281,0.0059487,21.667
NVDA,0.9,flat 5.5% CF100,5,0.5,high,True,13,0.28452,0.82858,47.344,0,47.344,94.688,1.873,6.5553,36.111
NVDA,0.9,flat 5.5% CF100,5,0.5,high,False,13,0,0,57.904,0,57.904,115.81,1.873,8.0175,36.111
NVDA,0.9,flat 5.5% CF100,5,0.5,uniform,True,13,0.28452,0.19567,17.904,0,17.904,35.808,0.73346,2.479,36.111
NVDA,0.9,flat 5.5% CF100,5,0.5,uniform,False,13,0,0,21.78,0,21.78,43.56,0.73346,3.0157,36.111
NVDA,0.9,flat 5.5% CF100,5,0.5,conservative,True,13,0.28452,0.0002452,0.038961,0,0.038961,0.077923,0.0025469,0.0053946,36.111
NVDA,0.9,flat 5.5% CF100,5,0.5,conservative,False,13,0,0,0.042963,0,0.042963,0.085925,0.0025469,0.0059487,36.111
NVDA,0.9,dutch 60min,1,0.1,high,True,13,0.28452,0.82858,9.4688,0,9.4688,94.688,0.37461,6.5553,7.2222
NVDA,0.9,dutch 60min,1,0.1,high,False,13,0,0,11.581,0,11.581,115.81,0.37461,8.0175,7.2222
NVDA,0.9,dutch 60min,1,0.1,uniform,True,13,0.28452,0.19567,3.5808,0,3.5808,35.808,0.14669,2.479,7.2222
NVDA,0.9,dutch 60min,1,0.1,uniform,False,13,0,0,4.356,0,4.356,43.56,0.14669,3.0157,7.2222
NVDA,0.9,dutch 60min,1,0.1,conservative,True,13,0.28452,0.0002452,0.0077923,0,0.0077923,0.077923,0.00050938,0.0053946,7.2222
NVDA,0.9,dutch 60min,1,0.1,conservative,False,13,0,0,0.0085925,0,0.0085925,0.085925,0.00050938,0.0059487,7.2222
NVDA,0.9,dutch 60min,1,0.3,high,True,13,0.28452,0.82858,28.39,0,28.39,94.634,1.1224,6.5516,21.667
NVDA,0.9,dutch 60min,1,0.3,high,False,13,0,0,34.726,0,34.726,115.75,1.1224,8.0137,21.667
NVDA,0.9,dutch 60min,1,0.3,uniform,True,13,0.28452,0.19567,10.742,0,10.742,35.808,0.44008,2.479,21.667
NVDA,0.9,dutch 60min,1,0.3,uniform,False,13,0,0,13.068,0,13.068,43.56,0.44008,3.0157,21.667
NVDA,0.9,dutch 60min,1,0.3,conservative,True,13,0.28452,0.0002452,0.023377,0,0.023377,0.077923,0.0015281,0.0053946,21.667
NVDA,0.9,dutch 60min,1,0.3,conservative,False,13,0,0,0.025778,0,0.025778,0.085925,0.0015281,0.0059487,21.667
NVDA,0.9,dutch 60min,1,0.5,high,True,13,0.28452,0.82858,47.508,0,47.508,95.016,1.8647,6.578,36.111
NVDA,0.9,dutch 60min,1,0.5,high,False,13,0,0,58.145,0,58.145,116.29,1.8647,8.0509,36.111
NVDA,0.9,dutch 60min,1,0.5,uniform,True,13,0.28452,0.19567,17.904,0,17.904,35.808,0.73346,2.479,36.111
NVDA,0.9,dutch 60min,1,0.5,uniform,False,13,0,0,21.78,0,21.78,43.56,0.73346,3.0157,36.111
NVDA,0.9,dutch 60min,1,0.5,conservative,True,13,0.28452,0.0002452,0.038961,0,0.038961,0.077923,0.0025469,0.0053946,36.111
NVDA,0.9,dutch 60min,1,0.5,conservative,False,13,0,0,0.042963,0,0.042963,0.085925,0.0025469,0.0059487,36.111
NVDA,0.9,dutch 60min,5,0.1,high,True,13,0.28452,0.82858,9.4688,0,9.4688,94.688,0.37461,6.5553,7.2222
NVDA,0.9,dutch 60min,5,0.1,high,False,13,0,0,11.581,0,11.581,115.81,0.37461,8.0175,7.2222
NVDA,0.9,dutch 60min,5,0.1,uniform,True,13,0.28452,0.19567,3.5808,0,3.5808,35.808,0.14669,2.479,7.2222
NVDA,0.9,dutch 60min,5,0.1,uniform,False,13,0,0,4.356,0,4.356,43.56,0.14669,3.0157,7.2222
NVDA,0.9,dutch 60min,5,0.1,conservative,True,13,0.28452,0.0002452,0.0077923,0,0.0077923,0.077923,0.00050938,0.0053946,7.2222
NVDA,0.9,dutch 60min,5,0.1,conservative,False,13,0,0,0.0085925,0,0.0085925,0.085925,0.00050938,0.0059487,7.2222
NVDA,0.9,dutch 60min,5,0.3,high,True,13,0.28452,0.82858,28.407,0,28.407,94.688,1.1238,6.5553,21.667
NVDA,0.9,dutch 60min,5,0.3,high,False,13,0,0,34.743,0,34.743,115.81,1.1238,8.0175,21.667
NVDA,0.9,dutch 60min,5,0.3,uniform,True,13,0.28452,0.19567,10.742,0,10.742,35.808,0.44008,2.479,21.667
NVDA,0.9,dutch 60min,5,0.3,uniform,False,13,0,0,13.068,0,13.068,43.56,0.44008,3.0157,21.667
NVDA,0.9,dutch 60min,5,0.3,conservative,True,13,0.28452,0.0002452,0.023377,0,0.023377,0.077923,0.0015281,0.0053946,21.667
NVDA,0.9,dutch 60min,5,0.3,conservative,False,13,0,0,0.025778,0,0.025778,0.085925,0.0015281,0.0059487,21.667
NVDA,0.9,dutch 60min,5,0.5,high,True,13,0.28452,0.82858,47.344,0,47.344,94.688,1.873,6.5553,36.111
NVDA,0.9,dutch 60min,5,0.5,high,False,13,0,0,57.904,0,57.904,115.81,1.873,8.0175,36.111
NVDA,0.9,dutch 60min,5,0.5,uniform,True,13,0.28452,0.19567,17.904,0,17.904,35.808,0.73346,2.479,36.111
NVDA,0.9,dutch 60min,5,0.5,uniform,False,13,0,0,21.78,0,21.78,43.56,0.73346,3.0157,36.111
NVDA,0.9,dutch 60min,5,0.5,conservative,True,13,0.28452,0.0002452,0.038961,0,0.038961,0.077923,0.0025469,0.0053946,36.111
NVDA,0.9,dutch 60min,5,0.5,conservative,False,13,0,0,0.042963,0,0.042963,0.085925,0.0025469,0.0059487,36.111
NVDA,0.93,flat 5.5% CF100,1,0.1,high,True,16,0.69393,1.9879,17.092,0,17.092,170.92,0.48822,9.9346,8.6022
NVDA,0.93,flat 5.5% CF100,1,0.1,high,False,16,0,0,29.516,0,29.516,295.16,0.51098,17.156,8.6022
NVDA,0.93,flat 5.5% CF100,1,0.1,uniform,True,16,0.69393,0.47544,6.7065,0,6.7065,67.065,0.19349,3.8982,8.6022
NVDA,0.93,flat 5.5% CF100,1,0.1,uniform,False,16,0,0,11.371,0,11.371,113.71,0.20187,6.6095,8.6022
NVDA,0.93,flat 5.5% CF100,1,0.1,conservative,True,16,0.69393,0.00079087,0.023807,0,0.023807,0.23807,0.00075701,0.013838,8.6022
NVDA,0.93,flat 5.5% CF100,1,0.1,conservative,False,16,0,0,0.032647,0,0.032647,0.32647,0.00076568,0.018976,8.6022
NVDA,0.93,flat 5.5% CF100,1,0.3,high,True,16,0.69393,1.9879,51.249,0,51.249,170.83,1.4642,9.9295,25.806
NVDA,0.93,flat 5.5% CF100,1,0.3,high,False,16,0,0,88.625,0,88.625,295.42,1.5318,17.171,25.806
NVDA,0.93,flat 5.5% CF100,1,0.3,uniform,True,16,0.69393,0.47544,20.122,0,20.122,67.074,0.58057,3.8987,25.806
NVDA,0.93,flat 5.5% CF100,1,0.3,uniform,False,16,0,0,34.113,0,34.113,113.71,0.6056,6.6095,25.806
NVDA,0.93,flat 5.5% CF100,1,0.3,conservative,True,16,0.69393,0.00079087,0.071422,0,0.071422,0.23807,0.002271,0.013838,25.806
NVDA,0.93,flat 5.5% CF100,1,0.3,conservative,False,16,0,0,0.097941,0,0.097941,0.32647,0.002297,0.018976,25.806
NVDA,0.93,flat 5.5% CF100,1,0.5,high,True,16,0.69393,1.9879,85.143,0,85.143,170.29,2.4355,9.8978,43.011
NVDA,0.93,flat 5.5% CF100,1,0.5,high,False,16,0,0,148.78,0,148.78,297.55,2.5471,17.295,43.011
NVDA,0.93,flat 5.5% CF100,1,0.5,uniform,True,16,0.69393,0.47544,33.542,0,33.542,67.084,0.96777,3.8992,43.011
NVDA,0.93,flat 5.5% CF100,1,0.5,uniform,False,16,0,0,56.856,0,56.856,113.71,1.0093,6.6095,43.011
NVDA,0.93,flat 5.5% CF100,1,0.5,conservative,True,16,0.69393,0.00079087,0.11904,0,0.11904,0.23807,0.0037851,0.013838,43.011
NVDA,0.93,flat 5.5% CF100,1,0.5,conservative,False,16,0,0,0.16323,0,0.16323,0.32647,0.0038284,0.018976,43.011
NVDA,0.93,flat 5.5% CF100,5,0.1,high,True,16,0.69393,1.9879,17.092,0,17.092,170.92,0.48822,9.9346,8.6022
NVDA,0.93,flat 5.5% CF100,5,0.1,high,False,16,0,0,29.516,0,29.516,295.16,0.51098,17.156,8.6022
NVDA,0.93,flat 5.5% CF100,5,0.1,uniform,True,16,0.69393,0.47544,6.7065,0,6.7065,67.065,0.19349,3.8982,8.6022
NVDA,0.93,flat 5.5% CF100,5,0.1,uniform,False,16,0,0,11.371,0,11.371,113.71,0.20187,6.6095,8.6022
NVDA,0.93,flat 5.5% CF100,5,0.1,conservative,True,16,0.69393,0.00079087,0.023807,0,0.023807,0.23807,0.00075701,0.013838,8.6022
NVDA,0.93,flat 5.5% CF100,5,0.1,conservative,False,16,0,0,0.032647,0,0.032647,0.32647,0.00076568,0.018976,8.6022
NVDA,0.93,flat 5.5% CF100,5,0.3,high,True,16,0.69393,1.9879,51.295,0,51.295,170.98,1.4653,9.9384,25.806
NVDA,0.93,flat 5.5% CF100,5,0.3,high,False,16,0,0,88.549,0,88.549,295.16,1.5329,17.156,25.806
NVDA,0.93,flat 5.5% CF100,5,0.3,uniform,True,16,0.69393,0.47544,20.122,0,20.122,67.074,0.58057,3.8987,25.806
NVDA,0.93,flat 5.5% CF100,5,0.3,uniform,False,16,0,0,34.113,0,34.113,113.71,0.6056,6.6095,25.806
NVDA,0.93,flat 5.5% CF100,5,0.3,conservative,True,16,0.69393,0.00079087,0.071422,0,0.071422,0.23807,0.002271,0.013838,25.806
NVDA,0.93,flat 5.5% CF100,5,0.3,conservative,False,16,0,0,0.097941,0,0.097941,0.32647,0.002297,0.018976,25.806
NVDA,0.93,flat 5.5% CF100,5,0.5,high,True,16,0.69393,1.9879,85.523,0,85.523,171.05,2.4433,9.9421,43.011
NVDA,0.93,flat 5.5% CF100,5,0.5,high,False,16,0,0,147.58,0,147.58,295.16,2.5549,17.156,43.011
NVDA,0.93,flat 5.5% CF100,5,0.5,uniform,True,16,0.69393,0.47544,33.542,0,33.542,67.084,0.96777,3.8992,43.011
NVDA,0.93,flat 5.5% CF100,5,0.5,uniform,False,16,0,0,56.856,0,56.856,113.71,1.0093,6.6095,43.011
NVDA,0.93,flat 5.5% CF100,5,0.5,conservative,True,16,0.69393,0.00079087,0.11904,0,0.11904,0.23807,0.0037851,0.013838,43.011
NVDA,0.93,flat 5.5% CF100,5,0.5,conservative,False,16,0,0,0.16323,0,0.16323,0.32647,0.0038284,0.018976,43.011
NVDA,0.93,dutch 60min,1,0.1,high,True,16,0.69393,1.9879,17.092,0,17.092,170.92,0.48822,9.9346,8.6022
NVDA,0.93,dutch 60min,1,0.1,high,False,16,0,0,29.516,0,29.516,295.16,0.51098,17.156,8.6022
NVDA,0.93,dutch 60min,1,0.1,uniform,True,16,0.69393,0.47544,6.7065,0,6.7065,67.065,0.19349,3.8982,8.6022
NVDA,0.93,dutch 60min,1,0.1,uniform,False,16,0,0,11.371,0,11.371,113.71,0.20187,6.6095,8.6022
NVDA,0.93,dutch 60min,1,0.1,conservative,True,16,0.69393,0.00079087,0.023807,0,0.023807,0.23807,0.00075701,0.013838,8.6022
NVDA,0.93,dutch 60min,1,0.1,conservative,False,16,0,0,0.032647,0,0.032647,0.32647,0.00076568,0.018976,8.6022
NVDA,0.93,dutch 60min,1,0.3,high,True,16,0.69393,1.9879,51.249,0,51.249,170.83,1.4642,9.9295,25.806
NVDA,0.93,dutch 60min,1,0.3,high,False,16,0,0,88.625,0,88.625,295.42,1.5318,17.171,25.806
NVDA,0.93,dutch 60min,1,0.3,uniform,True,16,0.69393,0.47544,20.122,0,20.122,67.074,0.58057,3.8987,25.806
NVDA,0.93,dutch 60min,1,0.3,uniform,False,16,0,0,34.113,0,34.113,113.71,0.6056,6.6095,25.806
NVDA,0.93,dutch 60min,1,0.3,conservative,True,16,0.69393,0.00079087,0.071422,0,0.071422,0.23807,0.002271,0.013838,25.806
NVDA,0.93,dutch 60min,1,0.3,conservative,False,16,0,0,0.097941,0,0.097941,0.32647,0.002297,0.018976,25.806
NVDA,0.93,dutch 60min,1,0.5,high,True,16,0.69393,1.9879,85.143,0,85.143,170.29,2.4355,9.8978,43.011
NVDA,0.93,dutch 60min,1,0.5,high,False,16,0,0,148.78,0,148.78,297.55,2.5471,17.295,43.011
NVDA,0.93,dutch 60min,1,0.5,uniform,True,16,0.69393,0.47544,33.542,0,33.542,67.084,0.96777,3.8992,43.011
NVDA,0.93,dutch 60min,1,0.5,uniform,False,16,0,0,56.856,0,56.856,113.71,1.0093,6.6095,43.011
NVDA,0.93,dutch 60min,1,0.5,conservative,True,16,0.69393,0.00079087,0.11904,0,0.11904,0.23807,0.0037851,0.013838,43.011
NVDA,0.93,dutch 60min,1,0.5,conservative,False,16,0,0,0.16323,0,0.16323,0.32647,0.0038284,0.018976,43.011
NVDA,0.93,dutch 60min,5,0.1,high,True,16,0.69393,1.9879,17.092,0,17.092,170.92,0.48822,9.9346,8.6022
NVDA,0.93,dutch 60min,5,0.1,high,False,16,0,0,29.516,0,29.516,295.16,0.51098,17.156,8.6022
NVDA,0.93,dutch 60min,5,0.1,uniform,True,16,0.69393,0.47544,6.7065,0,6.7065,67.065,0.19349,3.8982,8.6022
NVDA,0.93,dutch 60min,5,0.1,uniform,False,16,0,0,11.371,0,11.371,113.71,0.20187,6.6095,8.6022
NVDA,0.93,dutch 60min,5,0.1,conservative,True,16,0.69393,0.00079087,0.023807,0,0.023807,0.23807,0.00075701,0.013838,8.6022
NVDA,0.93,dutch 60min,5,0.1,conservative,False,16,0,0,0.032647,0,0.032647,0.32647,0.00076568,0.018976,8.6022
NVDA,0.93,dutch 60min,5,0.3,high,True,16,0.69393,1.9879,51.295,0,51.295,170.98,1.4653,9.9384,25.806
NVDA,0.93,dutch 60min,5,0.3,high,False,16,0,0,88.549,0,88.549,295.16,1.5329,17.156,25.806
NVDA,0.93,dutch 60min,5,0.3,uniform,True,16,0.69393,0.47544,20.122,0,20.122,67.074,0.58057,3.8987,25.806
NVDA,0.93,dutch 60min,5,0.3,uniform,False,16,0,0,34.113,0,34.113,113.71,0.6056,6.6095,25.806
NVDA,0.93,dutch 60min,5,0.3,conservative,True,16,0.69393,0.00079087,0.071422,0,0.071422,0.23807,0.002271,0.013838,25.806
NVDA,0.93,dutch 60min,5,0.3,conservative,False,16,0,0,0.097941,0,0.097941,0.32647,0.002297,0.018976,25.806
NVDA,0.93,dutch 60min,5,0.5,high,True,16,0.69393,1.9879,85.523,0,85.523,171.05,2.4433,9.9421,43.011
NVDA,0.93,dutch 60min,5,0.5,high,False,16,0,0,147.58,0,147.58,295.16,2.5549,17.156,43.011
NVDA,0.93,dutch 60min,5,0.5,uniform,True,16,0.69393,0.47544,33.542,0,33.542,67.084,0.96777,3.8992,43.011
NVDA,0.93,dutch 60min,5,0.5,uniform,False,16,0,0,56.856,0,56.856,113.71,1.0093,6.6095,43.011
NVDA,0.93,dutch 60min,5,0.5,conservative,True,16,0.69393,0.00079087,0.11904,0,0.11904,0.23807,0.0037851,0.013838,43.011
NVDA,0.93,dutch 60min,5,0.5,conservative,False,16,0,0,0.16323,0,0.16323,0.32647,0.0038284,0.018976,43.011
AAPL,0.9,flat 5.5% CF100,1,0.1,high,True,13,0.078358,0.26113,1.5248,0,1.5248,15.248,0.13325,1.0556,7.2222
AAPL,0.9,flat 5.5% CF100,1,0.1,high,False,13,0,0,2.4728,0,2.4728,24.728,0.2161,1.7119,7.2222
AAPL,0.9,flat 5.5% CF100,1,0.1,uniform,True,13,0.078358,0.06179,0.5594,0,0.5594,5.594,0.048887,0.38727,7.2222
AAPL,0.9,flat 5.5% CF100,1,0.1,uniform,False,13,0,0,0.90766,0,0.90766,9.0766,0.079322,0.62838,7.2222
AAPL,0.9,flat 5.5% CF100,1,0.1,conservative,True,13,0.078358,8.6404e-05,0.00057727,0,0.00057727,0.0057727,5.0449e-05,0.00039965,7.2222
AAPL,0.9,flat 5.5% CF100,1,0.1,conservative,False,13,0,0,0.00093695,0,0.00093695,0.0093695,8.1882e-05,0.00064866,7.2222
AAPL,0.9,flat 5.5% CF100,1,0.3,high,True,13,0.078358,0.26113,4.5819,0,4.5819,15.273,0.40043,1.0574,21.667
AAPL,0.9,flat 5.5% CF100,1,0.3,high,False,13,0,0,7.4183,0,7.4183,24.728,0.6483,1.7119,21.667
AAPL,0.9,flat 5.5% CF100,1,0.3,uniform,True,13,0.078358,0.06179,1.6792,0,1.6792,5.5974,0.14675,0.38751,21.667
AAPL,0.9,flat 5.5% CF100,1,0.3,uniform,False,13,0,0,2.723,0,2.723,9.0766,0.23797,0.62838,21.667
AAPL,0.9,flat 5.5% CF100,1,0.3,conservative,True,13,0.078358,8.6404e-05,0.0017318,0,0.0017318,0.0057728,0.00015135,0.00039965,21.667
AAPL,0.9,flat 5.5% CF100,1,0.3,conservative,False,13,0,0,0.0028109,0,0.0028109,0.0093695,0.00024565,0.00064866,21.667
AAPL,0.9,flat 5.5% CF100,1,0.5,high,True,13,0.078358,0.26113,7.6484,0,7.6484,15.297,0.66841,1.059,36.111
AAPL,0.9,flat 5.5% CF100,1,0.5,high,False,13,0,0,12.363,0,12.363,24.726,1.0804,1.7118,36.111
AAPL,0.9,flat 5.5% CF100,1,0.5,uniform,True,13,0.078358,0.06179,2.8004,0,2.8004,5.6008,0.24473,0.38775,36.111
AAPL,0.9,flat 5.5% CF100,1,0.5,uniform,False,13,0,0,4.5383,0,4.5383,9.0766,0.39661,0.62838,36.111
AAPL,0.9,flat 5.5% CF100,1,0.5,conservative,True,13,0.078358,8.6404e-05,0.0028864,0,0.0028864,0.0057728,0.00025225,0.00039965,36.111
AAPL,0.9,flat 5.5% CF100,1,0.5,conservative,False,13,0,0,0.0046848,0,0.0046848,0.0093695,0.00040941,0.00064866,36.111
AAPL,0.9,flat 5.5% CF100,5,0.1,high,True,13,0.078358,0.26113,1.5248,0,1.5248,15.248,0.13325,1.0556,7.2222
AAPL,0.9,flat 5.5% CF100,5,0.1,high,False,13,0,0,2.4728,0,2.4728,24.728,0.2161,1.7119,7.2222
AAPL,0.9,flat 5.5% CF100,5,0.1,uniform,True,13,0.078358,0.06179,0.5594,0,0.5594,5.594,0.048887,0.38727,7.2222
AAPL,0.9,flat 5.5% CF100,5,0.1,uniform,False,13,0,0,0.90766,0,0.90766,9.0766,0.079322,0.62838,7.2222
AAPL,0.9,flat 5.5% CF100,5,0.1,conservative,True,13,0.078358,8.6404e-05,0.00057727,0,0.00057727,0.0057727,5.0449e-05,0.00039965,7.2222
AAPL,0.9,flat 5.5% CF100,5,0.1,conservative,False,13,0,0,0.00093695,0,0.00093695,0.0093695,8.1882e-05,0.00064866,7.2222
AAPL,0.9,flat 5.5% CF100,5,0.3,high,True,13,0.078358,0.26113,4.5819,0,4.5819,15.273,0.40043,1.0574,21.667
AAPL,0.9,flat 5.5% CF100,5,0.3,high,False,13,0,0,7.4183,0,7.4183,24.728,0.6483,1.7119,21.667
AAPL,0.9,flat 5.5% CF100,5,0.3,uniform,True,13,0.078358,0.06179,1.6792,0,1.6792,5.5974,0.14675,0.38751,21.667
AAPL,0.9,flat 5.5% CF100,5,0.3,uniform,False,13,0,0,2.723,0,2.723,9.0766,0.23797,0.62838,21.667
AAPL,0.9,flat 5.5% CF100,5,0.3,conservative,True,13,0.078358,8.6404e-05,0.0017318,0,0.0017318,0.0057728,0.00015135,0.00039965,21.667
AAPL,0.9,flat 5.5% CF100,5,0.3,conservative,False,13,0,0,0.0028109,0,0.0028109,0.0093695,0.00024565,0.00064866,21.667
AAPL,0.9,flat 5.5% CF100,5,0.5,high,True,13,0.078358,0.26113,7.6493,0,7.6493,15.299,0.66849,1.0591,36.111
AAPL,0.9,flat 5.5% CF100,5,0.5,high,False,13,0,0,12.364,0,12.364,24.728,1.0805,1.7119,36.111
AAPL,0.9,flat 5.5% CF100,5,0.5,uniform,True,13,0.078358,0.06179,2.8004,0,2.8004,5.6008,0.24473,0.38775,36.111
AAPL,0.9,flat 5.5% CF100,5,0.5,uniform,False,13,0,0,4.5383,0,4.5383,9.0766,0.39661,0.62838,36.111
AAPL,0.9,flat 5.5% CF100,5,0.5,conservative,True,13,0.078358,8.6404e-05,0.0028864,0,0.0028864,0.0057728,0.00025225,0.00039965,36.111
AAPL,0.9,flat 5.5% CF100,5,0.5,conservative,False,13,0,0,0.0046848,0,0.0046848,0.0093695,0.00040941,0.00064866,36.111
AAPL,0.9,dutch 60min,1,0.1,high,True,13,0.078358,0.26113,1.5248,0,1.5248,15.248,0.13325,1.0556,7.2222
AAPL,0.9,dutch 60min,1,0.1,high,False,13,0,0,2.4728,0,2.4728,24.728,0.2161,1.7119,7.2222
AAPL,0.9,dutch 60min,1,0.1,uniform,True,13,0.078358,0.06179,0.5594,0,0.5594,5.594,0.048887,0.38727,7.2222
AAPL,0.9,dutch 60min,1,0.1,uniform,False,13,0,0,0.90766,0,0.90766,9.0766,0.079322,0.62838,7.2222
AAPL,0.9,dutch 60min,1,0.1,conservative,True,13,0.078358,8.6404e-05,0.00057727,0,0.00057727,0.0057727,5.0449e-05,0.00039965,7.2222
AAPL,0.9,dutch 60min,1,0.1,conservative,False,13,0,0,0.00093695,0,0.00093695,0.0093695,8.1882e-05,0.00064866,7.2222
AAPL,0.9,dutch 60min,1,0.3,high,True,13,0.078358,0.26113,4.5819,0,4.5819,15.273,0.40043,1.0574,21.667
AAPL,0.9,dutch 60min,1,0.3,high,False,13,0,0,7.4183,0,7.4183,24.728,0.6483,1.7119,21.667
AAPL,0.9,dutch 60min,1,0.3,uniform,True,13,0.078358,0.06179,1.6792,0,1.6792,5.5974,0.14675,0.38751,21.667
AAPL,0.9,dutch 60min,1,0.3,uniform,False,13,0,0,2.723,0,2.723,9.0766,0.23797,0.62838,21.667
AAPL,0.9,dutch 60min,1,0.3,conservative,True,13,0.078358,8.6404e-05,0.0017318,0,0.0017318,0.0057728,0.00015135,0.00039965,21.667
AAPL,0.9,dutch 60min,1,0.3,conservative,False,13,0,0,0.0028109,0,0.0028109,0.0093695,0.00024565,0.00064866,21.667
AAPL,0.9,dutch 60min,1,0.5,high,True,13,0.078358,0.26113,7.6484,0,7.6484,15.297,0.66841,1.059,36.111
AAPL,0.9,dutch 60min,1,0.5,high,False,13,0,0,12.363,0,12.363,24.726,1.0804,1.7118,36.111
AAPL,0.9,dutch 60min,1,0.5,uniform,True,13,0.078358,0.06179,2.8004,0,2.8004,5.6008,0.24473,0.38775,36.111
AAPL,0.9,dutch 60min,1,0.5,uniform,False,13,0,0,4.5383,0,4.5383,9.0766,0.39661,0.62838,36.111
AAPL,0.9,dutch 60min,1,0.5,conservative,True,13,0.078358,8.6404e-05,0.0028864,0,0.0028864,0.0057728,0.00025225,0.00039965,36.111
AAPL,0.9,dutch 60min,1,0.5,conservative,False,13,0,0,0.0046848,0,0.0046848,0.0093695,0.00040941,0.00064866,36.111
AAPL,0.9,dutch 60min,5,0.1,high,True,13,0.078358,0.26113,1.5248,0,1.5248,15.248,0.13325,1.0556,7.2222
AAPL,0.9,dutch 60min,5,0.1,high,False,13,0,0,2.4728,0,2.4728,24.728,0.2161,1.7119,7.2222
AAPL,0.9,dutch 60min,5,0.1,uniform,True,13,0.078358,0.06179,0.5594,0,0.5594,5.594,0.048887,0.38727,7.2222
AAPL,0.9,dutch 60min,5,0.1,uniform,False,13,0,0,0.90766,0,0.90766,9.0766,0.079322,0.62838,7.2222
AAPL,0.9,dutch 60min,5,0.1,conservative,True,13,0.078358,8.6404e-05,0.00057727,0,0.00057727,0.0057727,5.0449e-05,0.00039965,7.2222
AAPL,0.9,dutch 60min,5,0.1,conservative,False,13,0,0,0.00093695,0,0.00093695,0.0093695,8.1882e-05,0.00064866,7.2222
AAPL,0.9,dutch 60min,5,0.3,high,True,13,0.078358,0.26113,4.5819,0,4.5819,15.273,0.40043,1.0574,21.667
AAPL,0.9,dutch 60min,5,0.3,high,False,13,0,0,7.4183,0,7.4183,24.728,0.6483,1.7119,21.667
AAPL,0.9,dutch 60min,5,0.3,uniform,True,13,0.078358,0.06179,1.6792,0,1.6792,5.5974,0.14675,0.38751,21.667
AAPL,0.9,dutch 60min,5,0.3,uniform,False,13,0,0,2.723,0,2.723,9.0766,0.23797,0.62838,21.667
AAPL,0.9,dutch 60min,5,0.3,conservative,True,13,0.078358,8.6404e-05,0.0017318,0,0.0017318,0.0057728,0.00015135,0.00039965,21.667
AAPL,0.9,dutch 60min,5,0.3,conservative,False,13,0,0,0.0028109,0,0.0028109,0.0093695,0.00024565,0.00064866,21.667
AAPL,0.9,dutch 60min,5,0.5,high,True,13,0.078358,0.26113,7.6493,0,7.6493,15.299,0.66849,1.0591,36.111
AAPL,0.9,dutch 60min,5,0.5,high,False,13,0,0,12.364,0,12.364,24.728,1.0805,1.7119,36.111
AAPL,0.9,dutch 60min,5,0.5,uniform,True,13,0.078358,0.06179,2.8004,0,2.8004,5.6008,0.24473,0.38775,36.111
AAPL,0.9,dutch 60min,5,0.5,uniform,False,13,0,0,4.5383,0,4.5383,9.0766,0.39661,0.62838,36.111
AAPL,0.9,dutch 60min,5,0.5,conservative,True,13,0.078358,8.6404e-05,0.0028864,0,0.0028864,0.0057728,0.00025225,0.00039965,36.111
AAPL,0.9,dutch 60min,5,0.5,conservative,False,13,0,0,0.0046848,0,0.0046848,0.0093695,0.00040941,0.00064866,36.111
AAPL,0.93,flat 5.5% CF100,1,0.1,high,True,16,0.23696,0.70704,6.5183,0,6.5183,65.183,0.23425,3.7888,8.6022
AAPL,0.93,flat 5.5% CF100,1,0.1,high,False,16,0,0,9.2353,0,9.2353,92.353,0.42567,5.368,8.6022
AAPL,0.93,flat 5.5% CF100,1,0.1,uniform,True,16,0.23696,0.16649,2.4917,0,2.4917,24.917,0.09466,1.4483,8.6022
AAPL,0.93,flat 5.5% CF100,1,0.1,uniform,False,16,0,0,3.517,0,3.517,35.17,0.16735,2.0442,8.6022
AAPL,0.93,flat 5.5% CF100,1,0.1,conservative,True,16,0.23696,0.00023275,0.0064818,0,0.0064818,0.064818,0.0004394,0.0037676,8.6022
AAPL,0.93,flat 5.5% CF100,1,0.1,conservative,False,16,0,0,0.0085805,0,0.0085805,0.085805,0.00060534,0.0049874,8.6022
AAPL,0.93,flat 5.5% CF100,1,0.3,high,True,16,0.23696,0.70704,19.589,0,19.589,65.296,0.70532,3.7953,25.806
AAPL,0.93,flat 5.5% CF100,1,0.3,high,False,16,0,0,27.704,0,27.704,92.347,1.2769,5.3677,25.806
AAPL,0.93,flat 5.5% CF100,1,0.3,uniform,True,16,0.23696,0.16649,7.4806,0,7.4806,24.935,0.28439,1.4494,25.806
AAPL,0.93,flat 5.5% CF100,1,0.3,uniform,False,16,0,0,10.551,0,10.551,35.17,0.50206,2.0442,25.806
AAPL,0.93,flat 5.5% CF100,1,0.3,conservative,True,16,0.23696,0.00023275,0.019446,0,0.019446,0.064819,0.0013182,0.0037676,25.806
AAPL,0.93,flat 5.5% CF100,1,0.3,conservative,False,16,0,0,0.025741,0,0.025741,0.085805,0.001816,0.0049874,25.806
AAPL,0.93,flat 5.5% CF100,1,0.5,high,True,16,0.23696,0.70704,32.645,0,32.645,65.29,1.1795,3.795,43.011
AAPL,0.93,flat 5.5% CF100,1,0.5,high,False,16,0,0,46.112,0,46.112,92.223,2.1275,5.3605,43.011
AAPL,0.93,flat 5.5% CF100,1,0.5,uniform,True,16,0.23696,0.16649,12.476,0,12.476,24.953,0.47468,1.4504,43.011
AAPL,0.93,flat 5.5% CF100,1,0.5,uniform,False,16,0,0,17.585,0,17.585,35.17,0.83676,2.0442,43.011
AAPL,0.93,flat 5.5% CF100,1,0.5,conservative,True,16,0.23696,0.00023275,0.032409,0,0.032409,0.064819,0.002197,0.0037676,43.011
AAPL,0.93,flat 5.5% CF100,1,0.5,conservative,False,16,0,0,0.042902,0,0.042902,0.085805,0.0030267,0.0049874,43.011
AAPL,0.93,flat 5.5% CF100,5,0.1,high,True,16,0.23696,0.70704,6.5183,0,6.5183,65.183,0.23425,3.7888,8.6022
AAPL,0.93,flat 5.5% CF100,5,0.1,high,False,16,0,0,9.2353,0,9.2353,92.353,0.42567,5.368,8.6022
AAPL,0.93,flat 5.5% CF100,5,0.1,uniform,True,16,0.23696,0.16649,2.4917,0,2.4917,24.917,0.09466,1.4483,8.6022
AAPL,0.93,flat 5.5% CF100,5,0.1,uniform,False,16,0,0,3.517,0,3.517,35.17,0.16735,2.0442,8.6022
AAPL,0.93,flat 5.5% CF100,5,0.1,conservative,True,16,0.23696,0.00023275,0.0064818,0,0.0064818,0.064818,0.0004394,0.0037676,8.6022
AAPL,0.93,flat 5.5% CF100,5,0.1,conservative,False,16,0,0,0.0085805,0,0.0085805,0.085805,0.00060534,0.0049874,8.6022
AAPL,0.93,flat 5.5% CF100,5,0.3,high,True,16,0.23696,0.70704,19.59,0,19.59,65.301,0.70545,3.7956,25.806
AAPL,0.93,flat 5.5% CF100,5,0.3,high,False,16,0,0,27.706,0,27.706,92.353,1.277,5.368,25.806
AAPL,0.93,flat 5.5% CF100,5,0.3,uniform,True,16,0.23696,0.16649,7.4806,0,7.4806,24.935,0.28439,1.4494,25.806
AAPL,0.93,flat 5.5% CF100,5,0.3,uniform,False,16,0,0,10.551,0,10.551,35.17,0.50206,2.0442,25.806
AAPL,0.93,flat 5.5% CF100,5,0.3,conservative,True,16,0.23696,0.00023275,0.019446,0,0.019446,0.064819,0.0013182,0.0037676,25.806
AAPL,0.93,flat 5.5% CF100,5,0.3,conservative,False,16,0,0,0.025741,0,0.025741,0.085805,0.001816,0.0049874,25.806
AAPL,0.93,flat 5.5% CF100,5,0.5,high,True,16,0.23696,0.70704,32.71,0,32.71,65.419,1.1803,3.8025,43.011
AAPL,0.93,flat 5.5% CF100,5,0.5,high,False,16,0,0,46.176,0,46.176,92.353,2.1283,5.368,43.011
AAPL,0.93,flat 5.5% CF100,5,0.5,uniform,True,16,0.23696,0.16649,12.476,0,12.476,24.953,0.47468,1.4504,43.011
AAPL,0.93,flat 5.5% CF100,5,0.5,uniform,False,16,0,0,17.585,0,17.585,35.17,0.83676,2.0442,43.011
AAPL,0.93,flat 5.5% CF100,5,0.5,conservative,True,16,0.23696,0.00023275,0.032409,0,0.032409,0.064819,0.002197,0.0037676,43.011
AAPL,0.93,flat 5.5% CF100,5,0.5,conservative,False,16,0,0,0.042902,0,0.042902,0.085805,0.0030267,0.0049874,43.011
AAPL,0.93,dutch 60min,1,0.1,high,True,16,0.23696,0.70704,6.5183,0,6.5183,65.183,0.23425,3.7888,8.6022
AAPL,0.93,dutch 60min,1,0.1,high,False,16,0,0,9.2353,0,9.2353,92.353,0.42567,5.368,8.6022
AAPL,0.93,dutch 60min,1,0.1,uniform,True,16,0.23696,0.16649,2.4917,0,2.4917,24.917,0.09466,1.4483,8.6022
AAPL,0.93,dutch 60min,1,0.1,uniform,False,16,0,0,3.517,0,3.517,35.17,0.16735,2.0442,8.6022
AAPL,0.93,dutch 60min,1,0.1,conservative,True,16,0.23696,0.00023275,0.0064818,0,0.0064818,0.064818,0.0004394,0.0037676,8.6022
AAPL,0.93,dutch 60min,1,0.1,conservative,False,16,0,0,0.0085805,0,0.0085805,0.085805,0.00060534,0.0049874,8.6022
AAPL,0.93,dutch 60min,1,0.3,high,True,16,0.23696,0.70704,19.589,0,19.589,65.296,0.70532,3.7953,25.806
AAPL,0.93,dutch 60min,1,0.3,high,False,16,0,0,27.704,0,27.704,92.347,1.2769,5.3677,25.806
AAPL,0.93,dutch 60min,1,0.3,uniform,True,16,0.23696,0.16649,7.4806,0,7.4806,24.935,0.28439,1.4494,25.806
AAPL,0.93,dutch 60min,1,0.3,uniform,False,16,0,0,10.551,0,10.551,35.17,0.50206,2.0442,25.806
AAPL,0.93,dutch 60min,1,0.3,conservative,True,16,0.23696,0.00023275,0.019446,0,0.019446,0.064819,0.0013182,0.0037676,25.806
AAPL,0.93,dutch 60min,1,0.3,conservative,False,16,0,0,0.025741,0,0.025741,0.085805,0.001816,0.0049874,25.806
AAPL,0.93,dutch 60min,1,0.5,high,True,16,0.23696,0.70704,32.645,0,32.645,65.29,1.1795,3.795,43.011
AAPL,0.93,dutch 60min,1,0.5,high,False,16,0,0,46.112,0,46.112,92.223,2.1275,5.3605,43.011
AAPL,0.93,dutch 60min,1,0.5,uniform,True,16,0.23696,0.16649,12.476,0,12.476,24.953,0.47468,1.4504,43.011
AAPL,0.93,dutch 60min,1,0.5,uniform,False,16,0,0,17.585,0,17.585,35.17,0.83676,2.0442,43.011
AAPL,0.93,dutch 60min,1,0.5,conservative,True,16,0.23696,0.00023275,0.032409,0,0.032409,0.064819,0.002197,0.0037676,43.011
AAPL,0.93,dutch 60min,1,0.5,conservative,False,16,0,0,0.042902,0,0.042902,0.085805,0.0030267,0.0049874,43.011
AAPL,0.93,dutch 60min,5,0.1,high,True,16,0.23696,0.70704,6.5183,0,6.5183,65.183,0.23425,3.7888,8.6022
AAPL,0.93,dutch 60min,5,0.1,high,False,16,0,0,9.2353,0,9.2353,92.353,0.42567,5.368,8.6022
AAPL,0.93,dutch 60min,5,0.1,uniform,True,16,0.23696,0.16649,2.4917,0,2.4917,24.917,0.09466,1.4483,8.6022
AAPL,0.93,dutch 60min,5,0.1,uniform,False,16,0,0,3.517,0,3.517,35.17,0.16735,2.0442,8.6022
AAPL,0.93,dutch 60min,5,0.1,conservative,True,16,0.23696,0.00023275,0.0064818,0,0.0064818,0.064818,0.0004394,0.0037676,8.6022
AAPL,0.93,dutch 60min,5,0.1,conservative,False,16,0,0,0.0085805,0,0.0085805,0.085805,0.00060534,0.0049874,8.6022
AAPL,0.93,dutch 60min,5,0.3,high,True,16,0.23696,0.70704,19.59,0,19.59,65.301,0.70545,3.7956,25.806
AAPL,0.93,dutch 60min,5,0.3,high,False,16,0,0,27.706,0,27.706,92.353,1.277,5.368,25.806
AAPL,0.93,dutch 60min,5,0.3,uniform,True,16,0.23696,0.16649,7.4806,0,7.4806,24.935,0.28439,1.4494,25.806
AAPL,0.93,dutch 60min,5,0.3,uniform,False,16,0,0,10.551,0,10.551,35.17,0.50206,2.0442,25.806
AAPL,0.93,dutch 60min,5,0.3,conservative,True,16,0.23696,0.00023275,0.019446,0,0.019446,0.064819,0.0013182,0.0037676,25.806
AAPL,0.93,dutch 60min,5,0.3,conservative,False,16,0,0,0.025741,0,0.025741,0.085805,0.001816,0.0049874,25.806
AAPL,0.93,dutch 60min,5,0.5,high,True,16,0.23696,0.70704,32.71,0,32.71,65.419,1.1803,3.8025,43.011
AAPL,0.93,dutch 60min,5,0.5,high,False,16,0,0,46.176,0,46.176,92.353,2.1283,5.368,43.011
AAPL,0.93,dutch 60min,5,0.5,uniform,True,16,0.23696,0.16649,12.476,0,12.476,24.953,0.47468,1.4504,43.011
AAPL,0.93,dutch 60min,5,0.5,uniform,False,16,0,0,17.585,0,17.585,35.17,0.83676,2.0442,43.011
AAPL,0.93,dutch 60min,5,0.5,conservative,True,16,0.23696,0.00023275,0.032409,0,0.032409,0.064819,0.002197,0.0037676,43.011
AAPL,0.93,dutch 60min,5,0.5,conservative,False,16,0,0,0.042902,0,0.042902,0.085805,0.0030267,0.0049874,43.011
SPY,0.9,flat 5.5% CF100,1,0.1,high,True,13,0.029139,0.097394,1.688,0,1.688,16.88,0.14752,1.1686,7.2222
SPY,0.9,flat 5.5% CF100,1,0.1,high,False,13,0,0,1.688,0,1.688,16.88,0.14752,1.1686,7.2222
SPY,0.9,flat 5.5% CF100,1,0.1,uniform,True,13,0.029139,0.022313,0.61961,0,0.61961,6.1961,0.054149,0.42896,7.2222
SPY,0.9,flat 5.5% CF100,1,0.1,uniform,False,13,0,0,0.61961,0,0.61961,6.1961,0.054149,0.42896,7.2222
SPY,0.9,flat 5.5% CF100,1,0.1,conservative,True,13,0.029139,1.5568e-05,0.00063961,0,0.00063961,0.0063961,5.5897e-05,0.00044281,7.2222
SPY,0.9,flat 5.5% CF100,1,0.1,conservative,False,13,0,0,0.00063961,0,0.00063961,0.0063961,5.5897e-05,0.00044281,7.2222
SPY,0.9,flat 5.5% CF100,1,0.3,high,True,13,0.029139,0.097394,5.0641,0,5.0641,16.88,0.44256,1.1686,21.667
SPY,0.9,flat 5.5% CF100,1,0.3,high,False,13,0,0,5.0641,0,5.0641,16.88,0.44256,1.1686,21.667
SPY,0.9,flat 5.5% CF100,1,0.3,uniform,True,13,0.029139,0.022313,1.8588,0,1.8588,6.1961,0.16245,0.42896,21.667
SPY,0.9,flat 5.5% CF100,1,0.3,uniform,False,13,0,0,1.8588,0,1.8588,6.1961,0.16245,0.42896,21.667
SPY,0.9,flat 5.5% CF100,1,0.3,conservative,True,13,0.029139,1.5568e-05,0.0019188,0,0.0019188,0.0063961,0.00016769,0.00044281,21.667
SPY,0.9,flat 5.5% CF100,1,0.3,conservative,False,13,0,0,0.0019188,0,0.0019188,0.0063961,0.00016769,0.00044281,21.667
SPY,0.9,flat 5.5% CF100,1,0.5,high,True,13,0.029139,0.097394,8.4465,0,8.4465,16.893,0.73816,1.1695,36.111
SPY,0.9,flat 5.5% CF100,1,0.5,high,False,13,0,0,8.4465,0,8.4465,16.893,0.73816,1.1695,36.111
SPY,0.9,flat 5.5% CF100,1,0.5,uniform,True,13,0.029139,0.022313,3.0981,0,3.0981,6.1961,0.27075,0.42896,36.111
SPY,0.9,flat 5.5% CF100,1,0.5,uniform,False,13,0,0,3.0981,0,3.0981,6.1961,0.27075,0.42896,36.111
SPY,0.9,flat 5.5% CF100,1,0.5,conservative,True,13,0.029139,1.5568e-05,0.0031981,0,0.0031981,0.0063961,0.00027949,0.00044281,36.111
SPY,0.9,flat 5.5% CF100,1,0.5,conservative,False,13,0,0,0.0031981,0,0.0031981,0.0063961,0.00027949,0.00044281,36.111
SPY,0.9,flat 5.5% CF100,5,0.1,high,True,13,0.029139,0.097394,1.688,0,1.688,16.88,0.14752,1.1686,7.2222
SPY,0.9,flat 5.5% CF100,5,0.1,high,False,13,0,0,1.688,0,1.688,16.88,0.14752,1.1686,7.2222
SPY,0.9,flat 5.5% CF100,5,0.1,uniform,True,13,0.029139,0.022313,0.61961,0,0.61961,6.1961,0.054149,0.42896,7.2222
SPY,0.9,flat 5.5% CF100,5,0.1,uniform,False,13,0,0,0.61961,0,0.61961,6.1961,0.054149,0.42896,7.2222
SPY,0.9,flat 5.5% CF100,5,0.1,conservative,True,13,0.029139,1.5568e-05,0.00063961,0,0.00063961,0.0063961,5.5897e-05,0.00044281,7.2222
SPY,0.9,flat 5.5% CF100,5,0.1,conservative,False,13,0,0,0.00063961,0,0.00063961,0.0063961,5.5897e-05,0.00044281,7.2222
SPY,0.9,flat 5.5% CF100,5,0.3,high,True,13,0.029139,0.097394,5.0641,0,5.0641,16.88,0.44256,1.1686,21.667
SPY,0.9,flat 5.5% CF100,5,0.3,high,False,13,0,0,5.0641,0,5.0641,16.88,0.44256,1.1686,21.667
SPY,0.9,flat 5.5% CF100,5,0.3,uniform,True,13,0.029139,0.022313,1.8588,0,1.8588,6.1961,0.16245,0.42896,21.667
SPY,0.9,flat 5.5% CF100,5,0.3,uniform,False,13,0,0,1.8588,0,1.8588,6.1961,0.16245,0.42896,21.667
SPY,0.9,flat 5.5% CF100,5,0.3,conservative,True,13,0.029139,1.5568e-05,0.0019188,0,0.0019188,0.0063961,0.00016769,0.00044281,21.667
SPY,0.9,flat 5.5% CF100,5,0.3,conservative,False,13,0,0,0.0019188,0,0.0019188,0.0063961,0.00016769,0.00044281,21.667
SPY,0.9,flat 5.5% CF100,5,0.5,high,True,13,0.029139,0.097394,8.4402,0,8.4402,16.88,0.7376,1.1686,36.111
SPY,0.9,flat 5.5% CF100,5,0.5,high,False,13,0,0,8.4402,0,8.4402,16.88,0.7376,1.1686,36.111
SPY,0.9,flat 5.5% CF100,5,0.5,uniform,True,13,0.029139,0.022313,3.0981,0,3.0981,6.1961,0.27075,0.42896,36.111
SPY,0.9,flat 5.5% CF100,5,0.5,uniform,False,13,0,0,3.0981,0,3.0981,6.1961,0.27075,0.42896,36.111
SPY,0.9,flat 5.5% CF100,5,0.5,conservative,True,13,0.029139,1.5568e-05,0.0031981,0,0.0031981,0.0063961,0.00027949,0.00044281,36.111
SPY,0.9,flat 5.5% CF100,5,0.5,conservative,False,13,0,0,0.0031981,0,0.0031981,0.0063961,0.00027949,0.00044281,36.111
SPY,0.9,dutch 60min,1,0.1,high,True,13,0.029139,0.097394,1.688,0,1.688,16.88,0.14752,1.1686,7.2222
SPY,0.9,dutch 60min,1,0.1,high,False,13,0,0,1.688,0,1.688,16.88,0.14752,1.1686,7.2222
SPY,0.9,dutch 60min,1,0.1,uniform,True,13,0.029139,0.022313,0.61961,0,0.61961,6.1961,0.054149,0.42896,7.2222
SPY,0.9,dutch 60min,1,0.1,uniform,False,13,0,0,0.61961,0,0.61961,6.1961,0.054149,0.42896,7.2222
SPY,0.9,dutch 60min,1,0.1,conservative,True,13,0.029139,1.5568e-05,0.00063961,0,0.00063961,0.0063961,5.5897e-05,0.00044281,7.2222
SPY,0.9,dutch 60min,1,0.1,conservative,False,13,0,0,0.00063961,0,0.00063961,0.0063961,5.5897e-05,0.00044281,7.2222
SPY,0.9,dutch 60min,1,0.3,high,True,13,0.029139,0.097394,5.0641,0,5.0641,16.88,0.44256,1.1686,21.667
SPY,0.9,dutch 60min,1,0.3,high,False,13,0,0,5.0641,0,5.0641,16.88,0.44256,1.1686,21.667
SPY,0.9,dutch 60min,1,0.3,uniform,True,13,0.029139,0.022313,1.8588,0,1.8588,6.1961,0.16245,0.42896,21.667
SPY,0.9,dutch 60min,1,0.3,uniform,False,13,0,0,1.8588,0,1.8588,6.1961,0.16245,0.42896,21.667
SPY,0.9,dutch 60min,1,0.3,conservative,True,13,0.029139,1.5568e-05,0.0019188,0,0.0019188,0.0063961,0.00016769,0.00044281,21.667
SPY,0.9,dutch 60min,1,0.3,conservative,False,13,0,0,0.0019188,0,0.0019188,0.0063961,0.00016769,0.00044281,21.667
SPY,0.9,dutch 60min,1,0.5,high,True,13,0.029139,0.097394,8.4465,0,8.4465,16.893,0.73816,1.1695,36.111
SPY,0.9,dutch 60min,1,0.5,high,False,13,0,0,8.4465,0,8.4465,16.893,0.73816,1.1695,36.111
SPY,0.9,dutch 60min,1,0.5,uniform,True,13,0.029139,0.022313,3.0981,0,3.0981,6.1961,0.27075,0.42896,36.111
SPY,0.9,dutch 60min,1,0.5,uniform,False,13,0,0,3.0981,0,3.0981,6.1961,0.27075,0.42896,36.111
SPY,0.9,dutch 60min,1,0.5,conservative,True,13,0.029139,1.5568e-05,0.0031981,0,0.0031981,0.0063961,0.00027949,0.00044281,36.111
SPY,0.9,dutch 60min,1,0.5,conservative,False,13,0,0,0.0031981,0,0.0031981,0.0063961,0.00027949,0.00044281,36.111
SPY,0.9,dutch 60min,5,0.1,high,True,13,0.029139,0.097394,1.688,0,1.688,16.88,0.14752,1.1686,7.2222
SPY,0.9,dutch 60min,5,0.1,high,False,13,0,0,1.688,0,1.688,16.88,0.14752,1.1686,7.2222
SPY,0.9,dutch 60min,5,0.1,uniform,True,13,0.029139,0.022313,0.61961,0,0.61961,6.1961,0.054149,0.42896,7.2222
SPY,0.9,dutch 60min,5,0.1,uniform,False,13,0,0,0.61961,0,0.61961,6.1961,0.054149,0.42896,7.2222
SPY,0.9,dutch 60min,5,0.1,conservative,True,13,0.029139,1.5568e-05,0.00063961,0,0.00063961,0.0063961,5.5897e-05,0.00044281,7.2222
SPY,0.9,dutch 60min,5,0.1,conservative,False,13,0,0,0.00063961,0,0.00063961,0.0063961,5.5897e-05,0.00044281,7.2222
SPY,0.9,dutch 60min,5,0.3,high,True,13,0.029139,0.097394,5.0641,0,5.0641,16.88,0.44256,1.1686,21.667
SPY,0.9,dutch 60min,5,0.3,high,False,13,0,0,5.0641,0,5.0641,16.88,0.44256,1.1686,21.667
SPY,0.9,dutch 60min,5,0.3,uniform,True,13,0.029139,0.022313,1.8588,0,1.8588,6.1961,0.16245,0.42896,21.667
SPY,0.9,dutch 60min,5,0.3,uniform,False,13,0,0,1.8588,0,1.8588,6.1961,0.16245,0.42896,21.667
SPY,0.9,dutch 60min,5,0.3,conservative,True,13,0.029139,1.5568e-05,0.0019188,0,0.0019188,0.0063961,0.00016769,0.00044281,21.667
SPY,0.9,dutch 60min,5,0.3,conservative,False,13,0,0,0.0019188,0,0.0019188,0.0063961,0.00016769,0.00044281,21.667
SPY,0.9,dutch 60min,5,0.5,high,True,13,0.029139,0.097394,8.4402,0,8.4402,16.88,0.7376,1.1686,36.111
SPY,0.9,dutch 60min,5,0.5,high,False,13,0,0,8.4402,0,8.4402,16.88,0.7376,1.1686,36.111
SPY,0.9,dutch 60min,5,0.5,uniform,True,13,0.029139,0.022313,3.0981,0,3.0981,6.1961,0.27075,0.42896,36.111
SPY,0.9,dutch 60min,5,0.5,uniform,False,13,0,0,3.0981,0,3.0981,6.1961,0.27075,0.42896,36.111
SPY,0.9,dutch 60min,5,0.5,conservative,True,13,0.029139,1.5568e-05,0.0031981,0,0.0031981,0.0063961,0.00027949,0.00044281,36.111
SPY,0.9,dutch 60min,5,0.5,conservative,False,13,0,0,0.0031981,0,0.0031981,0.0063961,0.00027949,0.00044281,36.111
SPY,0.93,flat 5.5% CF100,1,0.1,high,True,16,0.080746,0.21054,3.346,0,3.346,33.46,0.14716,1.9449,8.6022
SPY,0.93,flat 5.5% CF100,1,0.1,high,False,16,0,0,4.2752,0,4.2752,42.752,0.22646,2.4849,8.6022
SPY,0.93,flat 5.5% CF100,1,0.1,uniform,True,16,0.080746,0.049776,1.2279,0,1.2279,12.279,0.054015,0.7137,8.6022
SPY,0.93,flat 5.5% CF100,1,0.1,uniform,False,16,0,0,1.5692,0,1.5692,15.692,0.083125,0.91213,8.6022
SPY,0.93,flat 5.5% CF100,1,0.1,conservative,True,16,0.080746,6.0716e-05,0.0012673,0,0.0012673,0.012673,5.5759e-05,0.00073663,8.6022
SPY,0.93,flat 5.5% CF100,1,0.1,conservative,False,16,0,0,0.0016199,0,0.0016199,0.016199,8.5808e-05,0.00094157,8.6022
SPY,0.93,flat 5.5% CF100,1,0.3,high,True,16,0.080746,0.21054,10.046,0,10.046,33.487,0.44147,1.9464,25.806
SPY,0.93,flat 5.5% CF100,1,0.3,high,False,16,0,0,12.825,0,12.825,42.752,0.67938,2.4849,25.806
SPY,0.93,flat 5.5% CF100,1,0.3,uniform,True,16,0.080746,0.049776,3.6847,0,3.6847,12.282,0.16205,0.71391,25.806
SPY,0.93,flat 5.5% CF100,1,0.3,uniform,False,16,0,0,4.7077,0,4.7077,15.692,0.24937,0.91213,25.806
SPY,0.93,flat 5.5% CF100,1,0.3,conservative,True,16,0.080746,6.0716e-05,0.0038019,0,0.0038019,0.012673,0.00016728,0.00073663,25.806
SPY,0.93,flat 5.5% CF100,1,0.3,conservative,False,16,0,0,0.0048597,0,0.0048597,0.016199,0.00025742,0.00094157,25.806
SPY,0.93,flat 5.5% CF100,1,0.5,high,True,16,0.080746,0.21054,16.766,0,16.766,33.532,0.73617,1.949,43.011
SPY,0.93,flat 5.5% CF100,1,0.5,high,False,16,0,0,21.385,0,21.385,42.769,1.1327,2.486,43.011
SPY,0.93,flat 5.5% CF100,1,0.5,uniform,True,16,0.080746,0.049776,6.143,0,6.143,12.286,0.27008,0.71412,43.011
SPY,0.93,flat 5.5% CF100,1,0.5,uniform,False,16,0,0,7.8462,0,7.8462,15.692,0.41562,0.91213,43.011
SPY,0.93,flat 5.5% CF100,1,0.5,conservative,True,16,0.080746,6.0716e-05,0.0063366,0,0.0063366,0.012673,0.00027879,0.00073663,43.011
SPY,0.93,flat 5.5% CF100,1,0.5,conservative,False,16,0,0,0.0080995,0,0.0080995,0.016199,0.00042904,0.00094157,43.011
SPY,0.93,flat 5.5% CF100,5,0.1,high,True,16,0.080746,0.21054,3.346,0,3.346,33.46,0.14716,1.9449,8.6022
SPY,0.93,flat 5.5% CF100,5,0.1,high,False,16,0,0,4.2752,0,4.2752,42.752,0.22646,2.4849,8.6022
SPY,0.93,flat 5.5% CF100,5,0.1,uniform,True,16,0.080746,0.049776,1.2279,0,1.2279,12.279,0.054015,0.7137,8.6022
SPY,0.93,flat 5.5% CF100,5,0.1,uniform,False,16,0,0,1.5692,0,1.5692,15.692,0.083125,0.91213,8.6022
SPY,0.93,flat 5.5% CF100,5,0.1,conservative,True,16,0.080746,6.0716e-05,0.0012673,0,0.0012673,0.012673,5.5759e-05,0.00073663,8.6022
SPY,0.93,flat 5.5% CF100,5,0.1,conservative,False,16,0,0,0.0016199,0,0.0016199,0.016199,8.5808e-05,0.00094157,8.6022
SPY,0.93,flat 5.5% CF100,5,0.3,high,True,16,0.080746,0.21054,10.046,0,10.046,33.487,0.44147,1.9464,25.806
SPY,0.93,flat 5.5% CF100,5,0.3,high,False,16,0,0,12.825,0,12.825,42.752,0.67938,2.4849,25.806
SPY,0.93,flat 5.5% CF100,5,0.3,uniform,True,16,0.080746,0.049776,3.6847,0,3.6847,12.282,0.16205,0.71391,25.806
SPY,0.93,flat 5.5% CF100,5,0.3,uniform,False,16,0,0,4.7077,0,4.7077,15.692,0.24937,0.91213,25.806
SPY,0.93,flat 5.5% CF100,5,0.3,conservative,True,16,0.080746,6.0716e-05,0.0038019,0,0.0038019,0.012673,0.00016728,0.00073663,25.806
SPY,0.93,flat 5.5% CF100,5,0.3,conservative,False,16,0,0,0.0048597,0,0.0048597,0.016199,0.00025742,0.00094157,25.806
SPY,0.93,flat 5.5% CF100,5,0.5,high,True,16,0.080746,0.21054,16.757,0,16.757,33.514,0.73578,1.948,43.011
SPY,0.93,flat 5.5% CF100,5,0.5,high,False,16,0,0,21.376,0,21.376,42.752,1.1323,2.4849,43.011
SPY,0.93,flat 5.5% CF100,5,0.5,uniform,True,16,0.080746,0.049776,6.143,0,6.143,12.286,0.27008,0.71412,43.011
SPY,0.93,flat 5.5% CF100,5,0.5,uniform,False,16,0,0,7.8462,0,7.8462,15.692,0.41562,0.91213,43.011
SPY,0.93,flat 5.5% CF100,5,0.5,conservative,True,16,0.080746,6.0716e-05,0.0063366,0,0.0063366,0.012673,0.00027879,0.00073663,43.011
SPY,0.93,flat 5.5% CF100,5,0.5,conservative,False,16,0,0,0.0080995,0,0.0080995,0.016199,0.00042904,0.00094157,43.011
SPY,0.93,dutch 60min,1,0.1,high,True,16,0.080746,0.21054,3.346,0,3.346,33.46,0.14716,1.9449,8.6022
SPY,0.93,dutch 60min,1,0.1,high,False,16,0,0,4.2752,0,4.2752,42.752,0.22646,2.4849,8.6022
SPY,0.93,dutch 60min,1,0.1,uniform,True,16,0.080746,0.049776,1.2279,0,1.2279,12.279,0.054015,0.7137,8.6022
SPY,0.93,dutch 60min,1,0.1,uniform,False,16,0,0,1.5692,0,1.5692,15.692,0.083125,0.91213,8.6022
SPY,0.93,dutch 60min,1,0.1,conservative,True,16,0.080746,6.0716e-05,0.0012673,0,0.0012673,0.012673,5.5759e-05,0.00073663,8.6022
SPY,0.93,dutch 60min,1,0.1,conservative,False,16,0,0,0.0016199,0,0.0016199,0.016199,8.5808e-05,0.00094157,8.6022
SPY,0.93,dutch 60min,1,0.3,high,True,16,0.080746,0.21054,10.046,0,10.046,33.487,0.44147,1.9464,25.806
SPY,0.93,dutch 60min,1,0.3,high,False,16,0,0,12.825,0,12.825,42.752,0.67938,2.4849,25.806
SPY,0.93,dutch 60min,1,0.3,uniform,True,16,0.080746,0.049776,3.6847,0,3.6847,12.282,0.16205,0.71391,25.806
SPY,0.93,dutch 60min,1,0.3,uniform,False,16,0,0,4.7077,0,4.7077,15.692,0.24937,0.91213,25.806
SPY,0.93,dutch 60min,1,0.3,conservative,True,16,0.080746,6.0716e-05,0.0038019,0,0.0038019,0.012673,0.00016728,0.00073663,25.806
SPY,0.93,dutch 60min,1,0.3,conservative,False,16,0,0,0.0048597,0,0.0048597,0.016199,0.00025742,0.00094157,25.806
SPY,0.93,dutch 60min,1,0.5,high,True,16,0.080746,0.21054,16.766,0,16.766,33.532,0.73617,1.949,43.011
SPY,0.93,dutch 60min,1,0.5,high,False,16,0,0,21.385,0,21.385,42.769,1.1327,2.486,43.011
SPY,0.93,dutch 60min,1,0.5,uniform,True,16,0.080746,0.049776,6.143,0,6.143,12.286,0.27008,0.71412,43.011
SPY,0.93,dutch 60min,1,0.5,uniform,False,16,0,0,7.8462,0,7.8462,15.692,0.41562,0.91213,43.011
SPY,0.93,dutch 60min,1,0.5,conservative,True,16,0.080746,6.0716e-05,0.0063366,0,0.0063366,0.012673,0.00027879,0.00073663,43.011
SPY,0.93,dutch 60min,1,0.5,conservative,False,16,0,0,0.0080995,0,0.0080995,0.016199,0.00042904,0.00094157,43.011
SPY,0.93,dutch 60min,5,0.1,high,True,16,0.080746,0.21054,3.346,0,3.346,33.46,0.14716,1.9449,8.6022
SPY,0.93,dutch 60min,5,0.1,high,False,16,0,0,4.2752,0,4.2752,42.752,0.22646,2.4849,8.6022
SPY,0.93,dutch 60min,5,0.1,uniform,True,16,0.080746,0.049776,1.2279,0,1.2279,12.279,0.054015,0.7137,8.6022
SPY,0.93,dutch 60min,5,0.1,uniform,False,16,0,0,1.5692,0,1.5692,15.692,0.083125,0.91213,8.6022
SPY,0.93,dutch 60min,5,0.1,conservative,True,16,0.080746,6.0716e-05,0.0012673,0,0.0012673,0.012673,5.5759e-05,0.00073663,8.6022
SPY,0.93,dutch 60min,5,0.1,conservative,False,16,0,0,0.0016199,0,0.0016199,0.016199,8.5808e-05,0.00094157,8.6022
SPY,0.93,dutch 60min,5,0.3,high,True,16,0.080746,0.21054,10.046,0,10.046,33.487,0.44147,1.9464,25.806
SPY,0.93,dutch 60min,5,0.3,high,False,16,0,0,12.825,0,12.825,42.752,0.67938,2.4849,25.806
SPY,0.93,dutch 60min,5,0.3,uniform,True,16,0.080746,0.049776,3.6847,0,3.6847,12.282,0.16205,0.71391,25.806
SPY,0.93,dutch 60min,5,0.3,uniform,False,16,0,0,4.7077,0,4.7077,15.692,0.24937,0.91213,25.806
SPY,0.93,dutch 60min,5,0.3,conservative,True,16,0.080746,6.0716e-05,0.0038019,0,0.0038019,0.012673,0.00016728,0.00073663,25.806
SPY,0.93,dutch 60min,5,0.3,conservative,False,16,0,0,0.0048597,0,0.0048597,0.016199,0.00025742,0.00094157,25.806
SPY,0.93,dutch 60min,5,0.5,high,True,16,0.080746,0.21054,16.757,0,16.757,33.514,0.73578,1.948,43.011
SPY,0.93,dutch 60min,5,0.5,high,False,16,0,0,21.376,0,21.376,42.752,1.1323,2.4849,43.011
SPY,0.93,dutch 60min,5,0.5,uniform,True,16,0.080746,0.049776,6.143,0,6.143,12.286,0.27008,0.71412,43.011
SPY,0.93,dutch 60min,5,0.5,uniform,False,16,0,0,7.8462,0,7.8462,15.692,0.41562,0.91213,43.011
SPY,0.93,dutch 60min,5,0.5,conservative,True,16,0.080746,6.0716e-05,0.0063366,0,0.0063366,0.012673,0.00027879,0.00073663,43.011
SPY,0.93,dutch 60min,5,0.5,conservative,False,16,0,0,0.0080995,0,0.0080995,0.016199,0.00042904,0.00094157,43.011
