ticker,cls,vr,ci_lo,ci_hi,n_blind,n_overnight,ref_trading_time,ref_calendar_time
AAPL,Short,0.854108,0.297336,1.5413,41,3297,1,2
AMZN,Short,0.444293,0.174187,0.806078,41,3297,1,2
GOOGL,Short,0.371576,0.190764,0.597214,41,3297,1,2
JPM,Short,0.721509,0.288217,1.34027,41,3297,1,2
MEDIAN,Short,0.650813,0.304983,1.00756,490,38993,1,2
META,Short,0.255344,0.0856091,0.51058,39,2823,1,2
MSFT,Short,0.580118,0.243306,1.00415,41,3297,1,2
NVDA,Short,0.560064,0.277622,0.909856,41,3297,1,2
QQQ,Short,1.03287,0.392019,1.85455,41,3297,1,2
SPY,Short,0.979778,0.394023,1.80023,41,3297,1,2
TSLA,Short,0.797083,0.265706,1.77149,41,3200,1,2
WMT,Short,0.453627,0.207684,0.803217,41,3297,1,2
XOM,Short,1.52272,0.451602,3.28452,41,3297,1,2
AAPL,Weekend,1.50796,0.984488,2.08785,758,3297,1,3
AMZN,Weekend,0.643435,0.444654,0.890871,758,3297,1,3
GOOGL,Weekend,0.887735,0.61697,1.25685,758,3297,1,3
JPM,Weekend,1.75471,1.02248,2.72128,758,3297,1,3
MEDIAN,Weekend,1.22743,0.911252,1.57477,8970,38993,1,3
META,Weekend,0.497458,0.313094,0.791438,653,2823,1,3
MSFT,Weekend,0.999439,0.637856,1.47349,758,3297,1,3
NVDA,Weekend,1.25412,0.83631,1.76024,758,3297,1,3
QQQ,Weekend,1.601,1.12448,2.06622,758,3297,1,3
SPY,Weekend,1.82528,1.26119,2.40947,758,3297,1,3
TSLA,Weekend,1.20074,0.894285,1.5577,737,3200,1,3
WMT,Weekend,0.678392,0.404688,1.02684,758,3297,1,3
XOM,Weekend,1.84704,1.28219,2.45769,758,3297,1,3
AAPL,Long,1.34239,0.749071,2.17766,115,3297,1,4
AMZN,Long,0.552442,0.357169,0.835703,115,3297,1,4
GOOGL,Long,0.745533,0.490359,1.08653,115,3297,1,4
JPM,Long,1.35106,0.818612,2.05777,115,3297,1,4
MEDIAN,Long,1.21938,0.804412,1.55161,1358,38993,1,4
META,Long,0.385752,0.217471,0.620244,97,2823,1,4
MSFT,Long,0.970496,0.55866,1.53624,115,3297,1,4
NVDA,Long,0.857428,0.550977,1.3101,115,3297,1,4
QQQ,Long,1.38015,0.869921,2.10412,115,3297,1,4
SPY,Long,1.38694,0.871206,2.12654,115,3297,1,4
TSLA,Long,2.54357,1.23128,4.33437,111,3200,1,4
WMT,Long,2.24679,0.781605,4.75885,115,3297,1,4
XOM,Long,1.09638,0.713217,1.60163,115,3297,1,4
